,City,Latitude,Max Temp,Wind Speed,Cloudiness,Description,Humidity
0,torbay,47.6666,276.48,8.75,40.0,scattered clouds,93.0
1,kapaa,22.0752,300.15,5.14,20.0,few clouds,65.0
2,upernavik,72.7868,268.4,1.91,100.0,overcast clouds,88.0
3,muzaffarabad,34.37,292.99,2.75,2.0,clear sky,61.0
4,saint-philippe,-21.3585,297.15,3.09,0.0,clear sky,69.0
5,butaritari,3.0707,302.24,6.82,85.0,overcast clouds,72.0
6,arraial do cabo,-22.9661,296.06,3.64,0.0,clear sky,80.0
7,puerto escondido,15.85,300.15,3.09,20.0,few clouds,78.0
8,thompson,55.7435,276.15,3.09,90.0,overcast clouds,56.0
9,cidreira,-30.1811,294.81,5.77,0.0,clear sky,83.0
10,nishihara,26.1842,297.15,5.66,75.0,broken clouds,73.0
11,mataura,-46.1927,285.93,4.47,97.0,moderate rain,87.0
12,ribeira grande,38.5167,289.64,1.11,8.0,clear sky,83.0
13,rikitea,-23.1203,299.16,7.55,9.0,light rain,83.0
14,airai,-8.9266,293.44,2.11,48.0,scattered clouds,68.0
15,vaini,-21.2,299.15,4.63,75.0,broken clouds,73.0
16,tiksi,71.6872,271.49,2.88,100.0,overcast clouds,90.0
17,san quintin,30.4833,290.53,4.28,0.0,clear sky,70.0
18,mar del plata,-38.0023,288.15,3.09,0.0,clear sky,77.0
19,nikolskoye,59.7035,275.37,5.0,90.0,moderate rain,93.0
20,ushuaia,-54.8,276.15,11.83,75.0,broken clouds,81.0
21,port-gentil,-0.7193,300.83,4.09,100.0,overcast clouds,79.0
22,narsaq,60.9167,281.15,10.8,90.0,overcast clouds,25.0
23,mende,44.6667,272.61,1.17,10.0,clear sky,74.0
24,kalmunai,7.4167,299.54,1.97,29.0,scattered clouds,83.0
25,xai-xai,-25.0519,293.37,3.26,66.0,broken clouds,67.0
26,punta arenas,-53.15,277.15,10.29,75.0,broken clouds,75.0
27,kodiak,57.79,279.15,6.17,90.0,light rain,87.0
28,westport,41.1415,284.82,3.6,90.0,overcast clouds,87.0
29,barrow,71.2906,266.15,4.12,90.0,overcast clouds,79.0
30,ballina,-28.8667,295.15,2.06,40.0,scattered clouds,78.0
31,hermanus,-34.4187,291.48,0.45,84.0,broken clouds,61.0
32,chokurdakh,70.6333,273.58,2.69,100.0,overcast clouds,100.0
33,altoona,40.5187,289.26,1.42,99.0,overcast clouds,91.0
34,banepa,27.6298,290.15,1.03,75.0,mist,94.0
35,atuona,-9.8,299.95,8.8,35.0,light rain,79.0
36,tarauaca,-8.1614,295.99,0.78,58.0,broken clouds,90.0
37,haines junction,60.7522,282.15,3.09,100.0,overcast clouds,43.0
38,port alfred,-33.5906,293.36,4.16,3.0,clear sky,47.0
39,bluff,-46.6,285.93,4.47,100.0,overcast clouds,87.0
40,baykit,61.67,275.71,1.35,100.0,overcast clouds,99.0
41,bara,10.3744,302.05,7.1,99.0,overcast clouds,55.0
42,provideniya,64.3833,275.15,5.0,0.0,clear sky,60.0
43,mount isa,-20.7333,302.15,5.66,100.0,overcast clouds,28.0
44,alyangula,-13.8483,302.15,4.63,4.0,clear sky,65.0
45,puerto ayora,-0.7393,297.59,4.47,76.0,light rain,92.0
46,clyde river,70.4692,269.15,7.72,1.0,clear sky,80.0
47,bredasdorp,-34.5322,289.15,4.63,100.0,overcast clouds,72.0
48,najran,17.4924,299.15,2.06,40.0,scattered clouds,18.0
49,carnarvon,-24.8667,292.15,3.6,75.0,light rain,94.0
50,severo-kurilsk,50.6789,274.32,4.93,100.0,snow,99.0
51,okha,53.5739,274.32,6.26,5.0,clear sky,70.0
52,busselton,-33.65,290.93,2.24,86.0,overcast clouds,70.0
53,tuktoyaktuk,69.4541,267.15,5.14,75.0,broken clouds,79.0
54,mildura,-34.2,287.04,6.17,0.0,clear sky,62.0
55,marystown,47.1666,275.81,9.97,15.0,few clouds,84.0
56,pangnirtung,66.1451,268.23,2.85,6.0,clear sky,82.0
57,jiwani,25.05,300.43,3.0,1.0,clear sky,81.0
58,paita,-5.0892,295.05,7.18,95.0,overcast clouds,77.0
59,chuy,-33.6971,293.42,4.12,100.0,moderate rain,88.0
60,souris,49.6172,279.82,6.69,75.0,broken clouds,49.0
61,prudentopolis,-25.2131,288.36,0.49,1.0,clear sky,77.0
62,oro valley,32.3909,301.48,4.47,0.0,clear sky,16.0
63,sambava,-14.2667,296.74,1.77,34.0,scattered clouds,93.0
64,hobart,-42.8794,285.37,5.14,20.0,few clouds,62.0
65,saldanha,-33.0117,288.15,0.8,0.0,clear sky,67.0
66,saskylakh,71.9167,271.76,4.31,100.0,overcast clouds,92.0
67,jamestown,42.097,289.26,4.12,90.0,mist,100.0
68,lebu,-37.6167,284.0,3.71,0.0,clear sky,86.0
69,igarka,67.4667,269.26,1.99,95.0,overcast clouds,91.0
70,maniitsoq,65.4167,273.8,1.0,34.0,scattered clouds,78.0
71,hilo,19.7297,301.15,5.66,90.0,overcast clouds,54.0
72,esperance,-33.8667,287.15,4.63,100.0,moderate rain,82.0
73,suwalki,54.1118,274.69,3.5,74.0,broken clouds,97.0
74,aksu,41.1231,288.13,3.41,14.0,few clouds,27.0
75,eureka,40.8021,290.93,3.13,39.0,scattered clouds,81.0
76,chapais,49.7834,278.15,3.6,1.0,clear sky,52.0
77,iqaluit,63.7506,274.15,1.46,20.0,few clouds,80.0
78,aykhal,66.0,272.55,1.85,100.0,overcast clouds,97.0
79,saurimo,-9.6608,290.48,2.3,100.0,overcast clouds,95.0
80,havre-saint-pierre,50.2334,280.15,8.75,90.0,overcast clouds,49.0
81,santiago de chuco,-8.15,282.83,0.56,100.0,overcast clouds,94.0
82,moerai,-22.4333,297.71,6.35,100.0,overcast clouds,75.0
83,harker heights,31.0835,304.15,6.69,1.0,clear sky,70.0
84,campo gobierno,24.6536,300.15,4.12,1.0,clear sky,61.0
85,sao filipe,14.8961,294.92,4.45,4.0,clear sky,69.0
86,flagstaff,35.1981,289.82,2.57,90.0,overcast clouds,23.0
87,dikson,73.5069,272.44,6.09,100.0,overcast clouds,92.0
88,isangel,-19.55,300.15,7.2,75.0,broken clouds,83.0
89,makakilo city,21.3469,302.15,7.2,1.0,clear sky,58.0
90,baicheng,45.6167,287.51,8.13,6.0,clear sky,31.0
91,san felipe,10.3399,294.56,0.81,100.0,overcast clouds,97.0
92,albany,42.6001,287.04,2.64,100.0,light rain,77.0
93,leh,34.1667,279.41,1.33,97.0,overcast clouds,40.0
94,singkawang,0.9,301.59,0.82,100.0,overcast clouds,70.0
95,cururupu,-1.8283,296.21,0.9,95.0,overcast clouds,95.0
96,corinto,37.9407,293.15,1.2,100.0,overcast clouds,63.0
97,adzope,6.1069,296.67,1.15,100.0,overcast clouds,97.0
98,qaanaaq,77.484,266.69,1.74,13.0,few clouds,82.0
99,wufeng,27.45,285.86,3.33,100.0,overcast clouds,86.0
100,novyy urgal,51.0736,284.68,4.22,100.0,overcast clouds,40.0
101,lana,46.6124,282.59,0.55,100.0,overcast clouds,69.0
102,verkhnechusovskiye gorodki,58.1671,287.15,7.0,0.0,clear sky,58.0
103,fukue,32.6881,292.15,7.2,75.0,broken clouds,77.0
104,dawson creek,55.7666,280.15,6.69,75.0,broken clouds,81.0
105,oga,46.4631,282.59,2.06,40.0,scattered clouds,69.0
106,segou,13.4317,306.15,1.54,44.0,scattered clouds,23.0
107,hasaki,35.7333,295.37,1.54,0.0,clear sky,37.0
108,mahajanga,-15.7167,297.15,1.54,0.0,clear sky,94.0
109,longyearbyen,78.2186,266.15,4.12,75.0,broken clouds,73.0
110,ixtapa,20.7,298.15,4.12,1.0,clear sky,65.0
111,rawson,-43.3002,282.45,11.84,96.0,light rain,65.0
112,east london,-33.0153,291.27,4.17,5.0,clear sky,54.0
113,ambon,-3.6954,302.15,1.54,40.0,scattered clouds,79.0
114,pramanta,39.5231,285.15,0.51,100.0,overcast clouds,76.0
115,inuvik,68.3499,273.15,3.09,59.0,broken clouds,59.0
116,jinka,5.65,289.02,0.92,100.0,light rain,88.0
117,hithadhoo,-0.6,301.59,0.97,100.0,overcast clouds,68.0
118,waingapu,-9.6567,301.53,5.37,18.0,few clouds,69.0
119,camacha,33.0833,290.15,4.63,40.0,scattered clouds,67.0
120,tuatapere,-46.1333,285.93,4.47,100.0,moderate rain,87.0
121,goya,-29.14,297.28,1.99,100.0,overcast clouds,77.0
122,husavik,66.0449,273.15,2.06,90.0,overcast clouds,69.0
123,kruisfontein,-34.0033,292.95,3.71,100.0,overcast clouds,32.0
124,hervey bay,-25.2986,298.15,1.79,3.0,clear sky,71.0
125,chifeng,42.2683,286.03,7.67,0.0,clear sky,15.0
126,jaciara,-15.9653,296.08,1.41,10.0,clear sky,69.0
127,yicheng,31.3705,291.48,0.89,100.0,overcast clouds,99.0
128,praya,14.9215,294.15,7.72,40.0,scattered clouds,73.0
129,havoysund,70.9963,268.15,1.54,0.0,clear sky,68.0
130,klaksvik,62.2266,275.15,6.17,100.0,overcast clouds,75.0
131,beisfjord,68.3751,273.15,1.03,60.0,broken clouds,69.0
132,astana,51.1801,278.15,4.0,20.0,few clouds,93.0
133,manta,-0.95,299.15,4.12,40.0,scattered clouds,73.0
134,galesong,-5.3166,302.15,1.03,20.0,few clouds,84.0
135,avarua,-21.2078,299.15,2.57,75.0,broken clouds,69.0
136,cape town,-33.9258,290.15,2.57,0.0,clear sky,67.0
137,broome,42.2506,286.48,4.63,90.0,moderate rain,100.0
138,mpongwe,-13.5091,285.86,2.06,22.0,few clouds,89.0
139,vila franca do campo,37.7167,289.15,1.03,40.0,scattered clouds,94.0
140,patos de minas,-18.5789,289.26,1.25,0.0,clear sky,38.0
141,mount gambier,-37.8333,285.15,7.2,90.0,overcast clouds,66.0
142,mogadishu,2.0371,300.89,2.72,100.0,moderate rain,77.0
143,christchurch,-43.5333,293.71,2.57,37.0,scattered clouds,37.0
144,kasongo,-4.45,292.97,1.18,100.0,light rain,97.0
145,mirabad,30.4362,294.2,3.28,99.0,overcast clouds,53.0
146,pevek,69.7008,266.88,4.67,30.0,scattered clouds,80.0
147,castro,-24.7911,288.4,1.32,0.0,clear sky,78.0
148,san cristobal,7.7669,296.15,1.03,75.0,fog,100.0
149,encruzilhada,-15.5314,290.46,1.49,100.0,overcast clouds,96.0
150,olhao,37.0286,289.15,2.06,0.0,clear sky,77.0
151,katsuura,35.1333,295.37,1.54,0.0,clear sky,39.0
152,bonavista,48.6499,278.15,2.06,8.0,clear sky,81.0
153,olafsvik,64.8945,276.95,3.38,0.0,clear sky,53.0
154,new norfolk,-42.7826,285.37,0.89,55.0,broken clouds,73.0
155,victoria,22.2855,299.82,4.56,43.0,scattered clouds,88.0
156,port elizabeth,-33.918,286.15,2.06,0.0,clear sky,82.0
157,sitka,57.0531,281.15,7.2,90.0,light rain,76.0
158,aksarka,66.5606,270.27,6.37,100.0,overcast clouds,87.0
159,ahipara,-35.1667,290.53,2.09,71.0,broken clouds,55.0
160,chicama,-7.8447,291.15,4.12,100.0,overcast clouds,88.0
161,deer lake,49.1667,278.15,6.69,75.0,broken clouds,70.0
162,komsomolskiy,40.4272,292.15,2.06,12.0,few clouds,55.0
163,souillac,-20.5167,298.15,0.51,75.0,light rain,94.0
164,grants pass,42.439,296.15,3.6,1.0,clear sky,31.0
165,durban,-29.8579,291.48,0.51,0.0,clear sky,88.0
166,portland,45.5234,288.15,1.4,90.0,light rain,82.0
167,saint george,37.1041,298.71,8.23,1.0,clear sky,14.0
168,hami,42.8,288.11,2.89,99.0,overcast clouds,10.0
169,ambilobe,-13.2,295.62,1.46,36.0,scattered clouds,96.0
170,davila,18.4726,304.15,1.03,40.0,scattered clouds,66.0
171,kahului,20.8947,302.15,7.2,40.0,scattered clouds,54.0
172,dibulla,11.2725,298.9,1.15,93.0,overcast clouds,83.0
173,nanortalik,60.1432,276.05,5.46,99.0,overcast clouds,72.0
174,teknaf,20.8624,300.54,1.49,80.0,broken clouds,77.0
175,inhambane,-23.865,291.45,3.94,38.0,scattered clouds,69.0
176,tomsk,58.5,276.52,5.06,50.0,light snow,79.0
177,orbetello,42.4408,282.04,2.06,0.0,clear sky,87.0
178,coquimbo,-29.9533,288.15,0.51,0.0,clear sky,88.0
179,pauini,-7.7136,295.59,0.87,38.0,scattered clouds,96.0
180,siva,29.2041,303.34,3.08,78.0,broken clouds,12.0
181,kenitra,34.261,289.15,1.01,75.0,broken clouds,88.0
182,kidal,18.4411,304.54,4.5,0.0,clear sky,5.0
183,alice springs,-23.7,296.48,5.66,0.0,clear sky,48.0
184,bethel,41.3712,286.15,3.6,90.0,overcast clouds,67.0
185,pennathur,12.25,299.97,1.63,52.0,broken clouds,79.0
186,kulhudhuffushi,6.6221,302.18,3.98,100.0,overcast clouds,74.0
187,aklavik,68.2191,273.15,3.09,100.0,overcast clouds,59.0
188,mandalgovi,45.7625,274.08,7.23,51.0,broken clouds,55.0
189,batagay-alyta,67.8006,273.29,0.75,100.0,overcast clouds,99.0
190,codrington,-38.2667,286.52,8.06,6.0,clear sky,54.0
191,foam lake,51.65,279.15,2.57,74.0,broken clouds,31.0
192,vardo,70.3705,272.63,4.59,100.0,overcast clouds,83.0
193,tulum,20.2167,301.15,6.69,1.0,clear sky,74.0
194,samana,19.2056,297.78,4.4,93.0,overcast clouds,82.0
195,los llanos de aridane,28.6585,292.15,4.63,75.0,broken clouds,59.0
196,ostrovnoy,68.0531,265.88,3.68,16.0,few clouds,90.0
197,cayenne,4.9333,299.82,3.6,90.0,mist,88.0
198,kuhdasht,33.535,287.22,1.01,34.0,scattered clouds,49.0
199,denpasar,-8.65,301.15,1.03,20.0,few clouds,74.0
200,sibolga,1.7427,299.6,1.06,100.0,overcast clouds,78.0
201,nouadhibou,20.931,291.15,8.23,0.0,clear sky,82.0
202,chichihualco,17.6833,296.51,3.81,5.0,clear sky,49.0
203,vilhena,-12.7406,293.46,0.83,6.0,clear sky,90.0
204,lichuan,30.3,290.4,1.13,100.0,overcast clouds,73.0
205,dudinka,69.4058,268.39,3.88,100.0,overcast clouds,91.0
206,ilulissat,69.2167,280.15,12.35,0.0,clear sky,33.0
207,semey,50.4111,277.15,2.0,0.0,clear sky,60.0
208,ekibastuz,51.6667,281.82,5.08,100.0,overcast clouds,78.0
209,asosa,10.0667,291.42,1.65,88.0,overcast clouds,74.0
210,la rioja,42.25,283.15,1.54,0.0,clear sky,87.0
211,leirvik,59.7798,277.04,1.34,100.0,overcast clouds,75.0
212,mahebourg,-20.4081,298.15,2.57,40.0,light rain,94.0
213,voi,-3.3945,294.71,1.4,99.0,overcast clouds,87.0
214,tura,25.5198,294.95,1.27,100.0,overcast clouds,85.0
215,sheltozero,61.3667,273.4,7.84,100.0,light snow,98.0
216,touros,-5.1989,296.15,1.03,40.0,light rain,100.0
217,grindavik,63.8424,275.15,3.09,0.0,clear sky,64.0
218,nabire,-3.3667,302.86,0.93,3.0,clear sky,65.0
219,magaria,12.9983,300.06,2.69,81.0,broken clouds,10.0
220,marsh harbour,26.5412,298.57,5.47,100.0,overcast clouds,81.0
221,manggar,-2.8833,301.74,0.46,100.0,overcast clouds,70.0
222,yeniseysk,58.4497,280.41,4.76,100.0,light rain,89.0
223,cabinda,-5.55,298.88,1.16,100.0,overcast clouds,87.0
224,bhainsdehi,21.6467,299.73,2.19,60.0,broken clouds,31.0
225,fort frances,48.5999,280.15,2.57,90.0,overcast clouds,81.0
226,solnechnyy,50.7214,280.92,3.22,4.0,clear sky,30.0
227,salalah,17.0151,301.15,2.06,20.0,few clouds,89.0
228,noumea,-22.2763,297.04,3.6,75.0,moderate rain,100.0
229,srednekolymsk,67.45,273.15,1.2,52.0,broken clouds,84.0
230,yeppoon,-23.1333,298.15,3.6,20.0,few clouds,61.0
231,asuncion ixtaltepec,16.5,300.88,6.38,100.0,overcast clouds,74.0
232,sembakung,3.8167,299.15,1.54,75.0,moderate rain,94.0
233,sao jose da coroa grande,-8.8978,297.61,2.39,19.0,few clouds,86.0
234,marshall,34.3834,297.04,2.37,75.0,broken clouds,88.0
235,olovo,44.13,279.15,0.51,0.0,clear sky,100.0
236,idah,7.1065,297.1,3.25,100.0,overcast clouds,92.0
237,cuxhaven,53.8718,280.15,4.12,75.0,light rain,81.0
238,saint andrews,34.0454,292.15,3.09,90.0,overcast clouds,94.0
239,cherskiy,68.75,273.08,5.66,19.0,few clouds,85.0
240,san jose,37.3394,300.37,4.63,20.0,few clouds,29.0
241,stornoway,58.2093,278.15,6.69,75.0,broken clouds,81.0
242,port moresby,-9.4431,303.15,5.14,40.0,haze,70.0
243,jumla,29.2747,284.6,0.77,100.0,overcast clouds,75.0
244,sayyan,15.1718,288.44,0.39,98.0,overcast clouds,51.0
245,santiago,-33.4569,287.59,3.6,0.0,clear sky,71.0
246,seoul,37.5683,287.15,3.6,90.0,mist,76.0
247,atar,20.5169,300.85,2.99,0.0,clear sky,18.0
248,along,28.1667,294.56,0.39,100.0,overcast clouds,91.0
249,port lincoln,-34.7333,288.4,5.73,7.0,clear sky,52.0
250,bengkulu,-3.8004,299.47,1.18,100.0,overcast clouds,76.0
251,houma,29.5958,299.82,4.12,90.0,overcast clouds,89.0
252,mackay,-21.15,298.15,5.14,40.0,scattered clouds,78.0
253,virginia beach,36.8529,295.37,0.45,100.0,overcast clouds,94.0
254,burgeo,47.6167,275.81,8.88,12.0,few clouds,82.0
255,san juan de las huertas,19.2464,296.15,6.17,1.0,clear sky,16.0
256,dryden,49.7833,277.15,2.57,90.0,overcast clouds,93.0
257,hurghada,27.2574,303.15,4.12,0.0,clear sky,14.0
258,port blair,11.6667,302.15,1.03,40.0,scattered clouds,79.0
259,yellowknife,62.456,277.15,4.63,20.0,few clouds,26.0
260,lucera,41.5082,282.15,3.6,0.0,clear sky,81.0
261,hohhot,40.8106,283.15,6.0,0.0,clear sky,23.0
262,namwala,-15.7504,286.43,1.47,13.0,few clouds,91.0
263,winnemucca,40.973,292.15,3.09,1.0,clear sky,14.0
264,gusau,12.1628,303.02,1.87,91.0,overcast clouds,9.0
265,lompoc,34.6391,290.93,4.12,1.0,clear sky,63.0
266,san pedro,14.35,306.15,5.14,40.0,scattered clouds,55.0
267,fortuna,40.5982,288.71,7.72,20.0,few clouds,82.0
268,tezu,27.9167,294.05,0.84,100.0,overcast clouds,91.0
269,sechura,-5.5569,295.88,7.25,100.0,overcast clouds,68.0
270,lufkin,31.3382,300.93,5.66,1.0,clear sky,74.0
271,kieta,-6.2167,303.07,1.72,100.0,light rain,69.0
272,leshukonskoye,64.8989,271.22,2.76,99.0,overcast clouds,67.0
273,rio grande,-32.035,294.82,5.94,25.0,heavy intensity rain,86.0
274,pimentel,-6.8367,293.15,7.72,0.0,clear sky,73.0
275,poum,-20.2333,299.26,7.26,8.0,clear sky,77.0
276,sagana,-0.6667,290.93,0.99,99.0,light rain,97.0
277,mumford,5.2618,299.63,4.1,100.0,light rain,86.0
278,richards bay,-28.783,290.02,1.45,51.0,broken clouds,84.0
279,byron bay,-28.65,295.15,2.06,40.0,scattered clouds,78.0
280,santa cruz,-17.8,297.15,4.12,6.0,clear sky,83.0
281,zgorzelec,51.1494,279.26,2.68,98.0,overcast clouds,68.0
282,sao joao do paraiso,-15.3136,290.51,2.92,47.0,scattered clouds,91.0
283,ocos,14.5094,299.15,3.09,40.0,scattered clouds,89.0
284,ucluelet,48.9329,284.26,3.6,90.0,overcast clouds,93.0
285,hamilton,39.1834,293.71,1.54,75.0,broken clouds,83.0
286,bambous virieux,-20.3428,298.15,0.51,75.0,light rain,94.0
287,wukari,7.85,297.33,1.89,100.0,light rain,88.0
288,padang,-0.9492,299.15,1.03,20.0,few clouds,94.0
289,doha,25.2867,301.15,2.06,0.0,clear sky,65.0
290,kavieng,-2.5744,302.76,2.43,100.0,overcast clouds,67.0
291,parabel,58.6978,276.39,5.41,8.0,clear sky,64.0
292,mao,39.8885,286.15,2.06,0.0,clear sky,71.0
293,georgetown,5.4112,301.15,1.54,20.0,few clouds,94.0
294,dekar,-21.5333,285.95,3.72,0.0,clear sky,53.0
295,nyurba,63.2842,279.47,1.0,87.0,light rain,77.0
296,roald,62.5833,277.15,5.14,40.0,scattered clouds,81.0
297,port hardy,50.6996,283.15,3.09,75.0,broken clouds,76.0
298,flic en flac,-20.2742,298.15,0.51,75.0,light rain,94.0
299,alofi,-19.0595,299.15,5.66,90.0,overcast clouds,78.0
300,brigantine,39.4101,290.37,3.09,90.0,mist,100.0
301,kerewan,13.4898,293.15,5.66,0.0,clear sky,88.0
302,qaqortoq,60.7167,281.15,10.8,90.0,overcast clouds,25.0
303,bungu,-7.6337,292.6,2.53,100.0,overcast clouds,95.0
304,bilibino,68.0546,269.14,0.96,7.0,clear sky,73.0
305,puerto colombia,10.9878,299.15,2.06,40.0,scattered clouds,89.0
306,yulara,-25.2406,292.15,7.2,32.0,scattered clouds,52.0
307,coihaique,-45.5752,275.28,1.54,27.0,scattered clouds,89.0
308,santa isabel do rio negro,-0.4139,295.39,0.8,100.0,overcast clouds,98.0
309,tautira,-17.7333,304.15,3.09,20.0,few clouds,62.0
310,evansville,37.9748,296.48,3.6,20.0,few clouds,73.0
311,port-cartier,50.0334,279.82,4.12,4.0,clear sky,49.0
312,vostok,46.4856,283.85,1.25,100.0,overcast clouds,41.0
313,kyren,51.6828,279.29,0.62,18.0,few clouds,50.0
314,forecariah,9.4306,298.93,2.21,100.0,light rain,81.0
315,half moon bay,37.4636,294.15,9.26,1.0,clear sky,63.0
316,keningau,5.3378,302.15,1.03,20.0,few clouds,79.0
317,melito di porto salvo,37.9222,288.15,7.2,2.0,clear sky,88.0
318,cassilandia,-19.1133,292.75,1.77,5.0,clear sky,38.0
319,panama city,8.9936,301.48,1.54,75.0,broken clouds,78.0
320,lufilufi,-13.8745,305.15,5.66,40.0,scattered clouds,66.0
321,torit,4.4133,294.87,1.59,100.0,overcast clouds,82.0
322,lukulu,-14.3707,291.65,3.34,100.0,overcast clouds,69.0
323,chipinge,-20.1883,282.24,0.99,2.0,clear sky,92.0
324,ancud,-41.8697,279.82,3.09,0.0,clear sky,93.0
325,margate,51.3813,282.59,3.58,100.0,overcast clouds,83.0
326,dargaville,-35.9333,290.62,2.59,20.0,few clouds,47.0
327,heerenveen,52.95,282.59,7.15,100.0,overcast clouds,90.0
328,kaitangata,-46.2817,289.82,0.89,89.0,overcast clouds,55.0
329,wamba,8.9333,296.37,1.06,100.0,overcast clouds,87.0
330,lima,-12.0432,293.15,5.66,75.0,broken clouds,77.0
331,yarada,17.65,300.15,1.03,40.0,moderate rain,78.0
332,padre paraiso,-17.0742,291.13,2.49,60.0,broken clouds,93.0
333,oksfjord,70.2396,268.15,1.54,20.0,few clouds,73.0
334,mango,27.9797,300.93,2.57,1.0,clear sky,69.0
335,pisco,-13.7,292.15,3.09,75.0,broken clouds,88.0
336,issa,53.8705,285.92,5.22,100.0,overcast clouds,96.0
337,ahmadpur east,29.1431,303.09,3.12,100.0,overcast clouds,24.0
338,dauphin,51.1494,276.15,4.12,90.0,overcast clouds,70.0
339,bonthe,7.5264,300.3,2.37,100.0,overcast clouds,81.0
340,sokoni,-6.4333,298.27,7.41,98.0,overcast clouds,80.0
341,coahuayana,18.7333,301.15,2.57,1.0,clear sky,26.0
342,lishui,28.4604,297.37,1.84,100.0,overcast clouds,76.0
343,promyshlennyy,67.5833,269.09,6.1,98.0,light snow,95.0
344,vanimo,-2.6741,302.51,1.6,6.0,clear sky,69.0
345,terrace,54.5163,283.15,11.32,75.0,light rain,62.0
346,raga,8.4596,298.54,2.43,33.0,light rain,60.0
347,jand,33.4299,300.35,1.11,5.0,clear sky,39.0
348,vestmannaeyjar,63.4427,276.69,2.68,0.0,clear sky,50.0
349,amapa,1.0,295.23,0.93,100.0,overcast clouds,98.0
350,lahaina,20.8783,302.15,5.66,40.0,scattered clouds,48.0
351,reconquista,-29.15,298.17,3.34,100.0,overcast clouds,71.0
352,tasiilaq,65.6145,273.15,6.69,20.0,few clouds,86.0
353,hualmay,-11.0964,292.36,4.13,100.0,overcast clouds,83.0
354,constitucion,-35.3333,285.91,2.12,100.0,light rain,90.0
355,samarinda,-0.5,298.8,0.29,100.0,overcast clouds,92.0
356,gigmoto,13.7796,300.85,5.41,98.0,overcast clouds,85.0
357,mocajuba,-2.5842,297.54,0.97,100.0,overcast clouds,91.0
358,oktyabrskiy,54.4815,285.01,3.3,9.0,clear sky,78.0
359,anandnagar,27.1,299.17,5.69,16.0,few clouds,59.0
360,geraldton,-28.7667,291.15,1.03,90.0,overcast clouds,88.0
361,flinders,-34.5833,290.93,0.89,100.0,light rain,89.0
362,petropavlovsk-kamchatskiy,53.0452,276.15,5.0,90.0,snow,100.0
363,saint-andre-avellin,45.7168,280.15,1.54,90.0,overcast clouds,87.0
364,sao felix do xingu,-6.6447,296.17,1.12,58.0,broken clouds,89.0
365,anloga,5.7947,297.15,5.14,75.0,light rain,94.0
366,cockburn town,21.4612,299.15,5.14,40.0,scattered clouds,69.0
367,pedasi,7.5333,293.15,6.18,100.0,overcast clouds,99.0
368,capoterra,39.1763,288.15,2.06,0.0,clear sky,88.0
369,berlevag,70.8578,271.95,2.41,100.0,light snow,86.0
370,guerrero negro,27.9769,290.2,7.05,6.0,clear sky,69.0
371,balabac,7.9868,302.18,6.6,100.0,overcast clouds,74.0
372,filotion,37.05,294.26,2.57,53.0,broken clouds,60.0
373,santa rosa,14.3122,305.37,1.79,50.0,scattered clouds,67.0
374,praia da vitoria,38.7333,290.15,1.7,75.0,broken clouds,88.0
375,marienburg,54.0359,275.93,3.54,8.0,clear sky,100.0
376,san lorenzo,-25.3333,300.15,5.14,0.0,clear sky,65.0
377,ponta delgada,37.7333,289.15,1.03,40.0,scattered clouds,94.0
378,talnakh,69.4865,272.61,2.54,100.0,light snow,97.0
379,namibe,-15.1961,298.41,1.07,59.0,broken clouds,71.0
380,voh,-20.9667,300.65,1.58,80.0,light rain,67.0
381,pachino,36.7186,288.15,1.54,55.0,broken clouds,93.0
382,norman wells,65.282,281.15,8.75,40.0,scattered clouds,53.0
383,manjacaze,-24.7117,291.42,1.94,59.0,broken clouds,71.0
384,mayo,38.8876,293.15,5.66,20.0,few clouds,94.0
385,groningen,53.25,283.15,10.29,90.0,overcast clouds,71.0
386,mehamn,71.0357,270.84,1.08,100.0,light snow,90.0
387,jalu,29.0331,303.64,4.29,9.0,clear sky,13.0
388,avera,33.194,293.15,4.63,40.0,scattered clouds,95.0
389,chiang klang,19.2938,301.48,1.54,0.0,clear sky,100.0
390,longonjo,-12.9067,290.24,1.44,98.0,overcast clouds,94.0
391,dehri,24.8667,302.08,2.54,13.0,few clouds,39.0
392,tokur,53.1333,280.66,2.48,37.0,scattered clouds,42.0
393,paso de los toros,-32.8167,296.15,4.29,90.0,overcast clouds,88.0
394,itarema,-2.9248,297.78,1.76,95.0,overcast clouds,89.0
395,saidpur,25.7777,298.35,3.03,100.0,overcast clouds,75.0
396,sendhwa,21.6833,300.62,1.81,6.0,clear sky,37.0
397,warmbad,-28.45,292.93,4.98,32.0,scattered clouds,36.0
398,urumqi,43.801,287.15,7.73,0.0,clear sky,28.0
399,shalakusha,62.2247,275.14,6.05,100.0,overcast clouds,78.0
400,kota belud,6.351,302.15,1.03,20.0,few clouds,79.0
401,aleksandrov gay,50.147,287.38,4.32,7.0,clear sky,50.0
402,kongolo,-5.3833,293.48,1.48,93.0,overcast clouds,97.0
403,cabo san lucas,22.8909,302.15,7.72,1.0,clear sky,60.0
404,hay river,60.8156,280.15,4.12,28.0,scattered clouds,45.0
405,grand gaube,-20.0064,298.15,0.89,8.0,light rain,89.0
406,sinnamary,5.3833,298.23,3.6,100.0,overcast clouds,88.0
407,mitsamiouli,-11.3847,300.56,8.06,20.0,few clouds,76.0
408,sernovodsk,43.3117,284.15,4.0,0.0,light rain,81.0
409,south river,40.4465,286.48,0.89,100.0,light rain,91.0
410,harper,4.375,299.34,3.54,100.0,light rain,84.0
411,plerin,48.5425,284.26,4.47,100.0,overcast clouds,87.0
412,aden,12.7794,301.75,2.95,80.0,broken clouds,70.0
413,maumere,-8.6199,301.55,1.68,34.0,scattered clouds,60.0
414,taltal,-25.4,290.15,0.73,65.0,broken clouds,78.0
415,marsaxlokk,35.8419,289.26,2.06,0.0,clear sky,88.0
416,gizo,-8.103,301.71,0.54,18.0,few clouds,73.0
417,newcastleton,55.1796,277.59,2.63,100.0,overcast clouds,94.0
418,gat,31.61,295.37,1.34,6.0,clear sky,32.0
419,ishinomaki,38.4167,292.15,4.12,20.0,few clouds,34.0
420,khatanga,71.9667,271.76,6.08,84.0,broken clouds,83.0
421,kloulklubed,7.0419,303.15,4.63,75.0,broken clouds,74.0
422,george town,5.4112,301.15,1.54,20.0,few clouds,94.0
423,sao joao da barra,-21.6403,295.33,0.13,0.0,clear sky,81.0
424,adrar,20.5022,301.52,5.27,0.0,clear sky,18.0
425,sorland,67.667,276.03,7.32,6.0,clear sky,56.0
426,agadez,19.75,302.11,3.08,0.0,clear sky,4.0
427,pringsewu,-5.3582,299.51,1.03,50.0,scattered clouds,84.0
428,northam,51.0333,282.04,8.49,100.0,overcast clouds,86.0
429,antalaha,-14.9003,296.62,1.57,15.0,few clouds,92.0
430,progreso,21.2833,308.71,12.35,75.0,broken clouds,43.0
431,college,64.8569,288.15,7.2,75.0,broken clouds,35.0
432,brae,60.3964,278.15,10.8,75.0,broken clouds,81.0
433,marawi,7.9986,301.48,0.89,21.0,few clouds,75.0
434,muros,42.7762,280.37,2.73,100.0,overcast clouds,87.0
435,yar-sale,66.8333,265.9,3.9,15.0,few clouds,90.0
436,lundazi,-12.2929,288.57,4.32,62.0,broken clouds,88.0
437,qurayyat,31.3318,295.15,6.17,0.0,clear sky,26.0
438,batemans bay,-35.7167,287.59,0.89,100.0,light rain,97.0
439,balkanabat,39.5108,292.75,1.27,100.0,overcast clouds,54.0
440,malakal,9.5334,299.99,2.15,88.0,overcast clouds,58.0
441,holme,56.1138,279.15,2.06,75.0,light rain,93.0
442,trincomalee,8.5711,299.82,2.68,81.0,broken clouds,84.0
443,kuusamo,65.9667,272.15,3.6,0.0,clear sky,69.0
444,sexsmith,55.35,285.15,2.57,90.0,overcast clouds,43.0
445,faanui,-16.4833,300.65,1.45,0.0,clear sky,69.0
446,wanning,18.8003,301.7,4.66,20.0,few clouds,73.0
447,mahibadhoo,3.7833,301.33,2.73,100.0,overcast clouds,75.0
448,vytegra,61.0064,275.48,5.41,100.0,overcast clouds,96.0
449,vitim,59.4511,278.01,1.73,71.0,broken clouds,83.0
450,ossora,59.2353,272.26,5.31,100.0,light snow,91.0
451,yongchang,30.0381,294.82,3.13,100.0,light rain,93.0
452,kundiawa,-6.0167,296.78,0.66,79.0,broken clouds,73.0
453,nemuro,43.3236,277.15,6.17,75.0,broken clouds,81.0
454,guarapari,-20.6667,294.15,2.06,0.0,clear sky,94.0
455,oussouye,12.485,296.15,2.06,0.0,clear sky,88.0
456,oromocto,45.8351,284.15,2.06,20.0,few clouds,35.0
457,quatre cocos,-20.2078,298.15,2.57,40.0,light rain,94.0
458,bo phloi,14.3236,305.37,1.61,31.0,scattered clouds,63.0
459,huai thalaeng,14.997,302.59,1.03,76.0,broken clouds,100.0
460,bathsheba,13.2167,299.15,9.77,40.0,scattered clouds,65.0
461,norfolk,42.1668,286.48,2.06,90.0,overcast clouds,54.0
462,shimoda,34.6667,294.82,3.09,0.0,clear sky,55.0
463,anchorage,61.2181,286.15,3.09,1.0,clear sky,28.0
464,tahta,26.7693,301.15,3.09,0.0,clear sky,16.0
465,maarianhamina,60.0973,270.15,0.51,0.0,clear sky,93.0
466,grand baie,-20.0182,298.15,0.89,10.0,light rain,89.0
467,laguna,38.421,304.26,6.69,1.0,clear sky,11.0
468,zhezkazgan,47.8043,284.86,5.65,1.0,clear sky,31.0
469,mana,5.6592,298.21,3.29,100.0,overcast clouds,88.0
470,ahome,25.9167,297.59,5.66,1.0,clear sky,57.0
471,pumiao,22.75,298.15,1.0,75.0,broken clouds,88.0
472,kirando,-7.4167,295.32,4.57,93.0,light rain,81.0
473,nuuk,64.1835,279.15,5.14,75.0,broken clouds,45.0
474,hat yai,7.0084,300.15,1.25,20.0,few clouds,100.0
475,suciu de sus,47.4333,278.15,1.03,20.0,few clouds,87.0
476,staraya poltavka,50.4772,288.28,6.12,100.0,overcast clouds,44.0
477,poso,-1.3959,302.37,0.76,51.0,broken clouds,63.0
478,miraflores,19.2167,297.15,6.17,1.0,clear sky,23.0
479,lehrte,52.3833,284.26,6.64,100.0,light rain,49.0
480,gobabis,-22.45,285.38,4.74,0.0,clear sky,53.0
481,leningradskiy,69.3833,268.65,2.68,13.0,few clouds,78.0
482,dongkan,33.9997,290.95,2.56,100.0,overcast clouds,90.0
483,novoagansk,61.9449,275.85,4.13,6.0,clear sky,55.0
484,vila velha,-20.3297,294.15,2.06,0.0,clear sky,94.0
485,maniwaki,46.3834,281.15,1.03,100.0,overcast clouds,49.0
486,yatou,37.15,285.56,1.97,100.0,overcast clouds,97.0
487,dvinskoy,62.1535,276.33,6.16,100.0,overcast clouds,63.0
488,karratha,-20.7377,301.69,3.29,100.0,overcast clouds,55.0
489,san policarpo,12.1791,300.8,6.52,100.0,light rain,85.0
490,nizwa,22.9333,297.7,0.2,5.0,clear sky,49.0
491,qui nhon,13.7667,301.17,0.52,16.0,few clouds,70.0
492,savalou,7.9281,295.25,1.87,100.0,overcast clouds,80.0
493,dicabisagan,17.0818,301.96,1.53,19.0,few clouds,71.0
494,krasnyy chikoy,50.3643,276.57,6.74,100.0,overcast clouds,58.0
495,grosseto,42.8333,281.15,2.06,0.0,clear sky,87.0
496,eregli,37.5133,291.7,3.34,88.0,overcast clouds,41.0
497,kawalu,-7.3817,299.78,0.96,30.0,scattered clouds,72.0
498,boddam,57.4667,278.71,8.75,90.0,light rain,93.0
499,luganville,-15.5333,301.16,3.53,70.0,broken clouds,77.0
500,schuttorf,52.3167,285.37,3.13,100.0,light rain,53.0
501,miyako,39.6367,290.51,3.16,0.0,clear sky,44.0
502,blagoyevo,63.3667,273.76,3.76,100.0,light snow,50.0
503,muisne,0.6,297.71,3.11,99.0,overcast clouds,84.0
504,taunggyi,20.7833,294.49,1.74,60.0,broken clouds,64.0
505,gadarwara,22.9167,301.17,1.64,18.0,few clouds,31.0
506,aras,42.5617,283.15,1.54,0.0,clear sky,87.0
507,te anau,-45.4167,285.88,3.15,100.0,moderate rain,94.0
508,timiryazevskiy,56.49,279.26,4.79,97.0,overcast clouds,82.0
509,belomorsk,64.5232,273.96,5.8,100.0,overcast clouds,74.0
510,saint anthony,45.0205,287.15,6.69,90.0,overcast clouds,54.0
511,tripoli,32.8752,292.16,4.93,100.0,overcast clouds,72.0
512,zhanakorgan,43.9098,293.67,5.71,99.0,overcast clouds,26.0
513,muriae,-21.1306,291.56,1.52,2.0,clear sky,93.0
514,buriti bravo,-5.8372,295.98,0.54,89.0,overcast clouds,81.0
515,great yarmouth,52.6083,282.15,9.26,40.0,scattered clouds,76.0
516,baijiantan,45.6333,288.82,1.86,100.0,overcast clouds,14.0
517,pakxe,15.1167,301.15,2.06,40.0,scattered clouds,74.0
518,neuquen,-38.9516,283.15,2.57,0.0,clear sky,46.0
519,lorengau,-2.0226,302.82,0.42,100.0,overcast clouds,67.0
520,morogoro,-6.8167,291.97,1.02,56.0,broken clouds,95.0
521,dharchula,29.85,293.3,1.98,37.0,scattered clouds,48.0
522,tha muang,13.9612,305.37,1.82,75.0,broken clouds,62.0
523,nha trang,12.25,302.15,3.6,20.0,few clouds,65.0
524,santa maria,-29.6842,295.15,3.09,0.0,clear sky,78.0
525,ponta do sol,32.6667,288.71,2.24,7.0,clear sky,53.0
526,luorong,24.4058,298.7,4.21,95.0,moderate rain,82.0
527,hanna,51.6334,285.37,2.24,99.0,overcast clouds,37.0
528,cutervo,-6.379,283.5,1.07,100.0,light rain,95.0
529,shenjiamen,29.9576,291.88,10.3,100.0,light rain,97.0
530,namatanai,-3.6667,302.96,0.65,77.0,broken clouds,68.0
531,witu,-2.3889,297.37,2.94,98.0,light rain,91.0
532,dengfeng,34.4553,292.43,6.3,100.0,overcast clouds,27.0
533,bozeman,45.6796,286.48,1.54,1.0,clear sky,24.0
534,forio,40.7342,289.26,3.93,0.0,clear sky,82.0
535,kununurra,-15.7667,302.15,2.06,9.0,clear sky,51.0
536,shakawe,-18.3667,286.58,2.46,0.0,clear sky,60.0
537,novopetrovskoye,55.9928,280.15,6.0,75.0,broken clouds,57.0
538,floriano,-6.7669,300.72,1.53,98.0,overcast clouds,54.0
539,uglekamensk,43.2172,288.69,1.8,100.0,light rain,47.0
540,salekhard,66.53,269.92,6.3,25.0,scattered clouds,85.0
541,nome,64.5011,279.15,3.6,1.0,clear sky,52.0
542,henties bay,-22.116,292.54,2.56,100.0,overcast clouds,70.0
543,nagato,34.3833,289.26,5.66,75.0,broken clouds,82.0
544,pangai,-19.8,300.15,8.75,75.0,broken clouds,57.0
545,bom jesus,-9.0744,297.83,0.27,30.0,scattered clouds,51.0
546,angouleme,45.65,281.15,1.54,0.0,clear sky,57.0
547,weilheim,47.8333,275.15,1.54,23.0,few clouds,87.0
548,labytnangi,66.6572,266.9,4.24,32.0,scattered clouds,91.0
549,ascension,30.2169,300.15,2.57,90.0,overcast clouds,83.0
550,kendari,-3.945,302.06,0.5,47.0,scattered clouds,71.0
551,kropotkin,45.4375,285.93,3.41,70.0,broken clouds,78.0
552,mitu,1.1983,294.98,1.08,100.0,overcast clouds,98.0
553,kutum,14.2,296.98,4.49,4.0,clear sky,22.0
554,neiafu,-18.65,299.15,2.06,90.0,light rain,78.0
555,udachnyy,66.4167,273.37,0.89,100.0,overcast clouds,97.0
556,allonnes,47.9674,283.15,6.17,0.0,clear sky,66.0
557,sabang,5.8933,302.19,4.29,100.0,overcast clouds,72.0
558,honningsvag,70.9821,272.83,1.68,97.0,overcast clouds,67.0
559,miandrivazo,-19.5167,293.27,1.02,0.0,clear sky,84.0
560,monrovia,6.3005,299.53,2.14,100.0,moderate rain,84.0
561,irasan,8.526,303.21,5.53,79.0,broken clouds,68.0
562,xuddur,4.1213,297.54,2.91,84.0,light rain,76.0
563,buala,-8.145,301.86,1.83,57.0,light rain,75.0
564,comodoro rivadavia,-45.8667,279.15,3.6,20.0,few clouds,65.0
565,kouroussa,10.65,297.93,4.07,100.0,overcast clouds,70.0
566,santa marta,11.2408,302.04,3.13,100.0,overcast clouds,71.0
567,besikduzu,41.052,292.15,4.19,75.0,broken clouds,68.0
568,esna,25.2934,300.15,4.05,0.0,clear sky,26.0
569,broken hill,-31.95,283.15,9.26,75.0,broken clouds,81.0
570,neyshabur,36.2133,286.6,0.71,100.0,overcast clouds,73.0
571,rafai,4.95,293.39,0.49,100.0,light rain,90.0
572,ketchikan,55.3422,281.15,3.6,90.0,light rain,93.0
573,palembang,-2.9167,300.15,2.06,20.0,few clouds,89.0
574,moyale,3.5167,291.65,1.1,61.0,light rain,89.0
575,verkhnevilyuysk,63.4453,275.8,1.17,100.0,overcast clouds,92.0
576,velikooktyabrskiy,57.4333,274.84,2.2,100.0,light snow,98.0
577,ostersund,63.1792,274.15,7.2,90.0,light snow,93.0
578,bundaberg,-24.85,297.15,4.63,46.0,scattered clouds,69.0
579,hargeysa,9.56,292.82,0.84,45.0,scattered clouds,78.0
580,egvekinot,66.3167,267.76,2.42,95.0,overcast clouds,73.0
581,whitehorse,60.7161,283.15,6.17,75.0,broken clouds,29.0
582,tilichiki,60.4667,267.92,3.97,79.0,broken clouds,82.0
583,kysyl-syr,63.8986,276.94,0.49,82.0,broken clouds,90.0
584,ust-maya,60.4167,282.94,2.14,80.0,broken clouds,64.0
585,yuci,37.6803,287.15,5.0,0.0,clear sky,28.0
586,abu samrah,35.3029,294.23,1.41,17.0,few clouds,31.0
587,calvinia,-31.4707,289.15,2.99,4.0,clear sky,40.0
588,kavaratti,10.5669,302.26,0.93,100.0,overcast clouds,70.0
589,diffa,13.3154,303.02,3.95,9.0,clear sky,10.0
590,alappuzha,9.49,299.41,1.96,87.0,overcast clouds,85.0
591,yumbel,-37.0833,286.15,5.14,0.0,clear sky,62.0
592,shieli,44.1667,291.68,5.28,100.0,overcast clouds,21.0
593,ismailia,30.6043,294.12,1.02,8.0,clear sky,35.0
594,vestmanna,62.1564,275.15,6.17,98.0,overcast clouds,75.0
595,ishigaki,24.3448,298.15,5.66,75.0,broken clouds,88.0
596,soyaux,45.65,281.15,1.54,0.0,clear sky,57.0
597,sarankhola,22.3082,298.34,0.85,100.0,overcast clouds,82.0
598,jacmel,18.2342,301.15,3.09,45.0,scattered clouds,74.0
599,chinsali,-10.5414,288.37,3.01,95.0,overcast clouds,91.0
600,workington,54.6425,277.04,2.24,96.0,overcast clouds,94.0
601,deming,32.2687,297.15,8.23,1.0,clear sky,10.0
602,palu,-0.8917,303.73,0.53,38.0,scattered clouds,64.0
603,tambacounda,13.7539,304.12,5.25,2.0,clear sky,18.0
604,ozuluama,21.6667,300.51,5.89,0.0,clear sky,70.0
605,tazmalt,36.3868,291.14,0.34,100.0,overcast clouds,85.0
606,minas,-34.3759,292.59,2.06,75.0,heavy intensity rain,100.0
607,sao paulo de olivenca,-3.3783,296.11,0.66,43.0,scattered clouds,93.0
608,krasnouralsk,58.3638,278.7,3.06,100.0,overcast clouds,83.0
609,necochea,-38.5473,287.04,5.81,100.0,overcast clouds,71.0
610,meget,52.415,278.15,2.0,0.0,clear sky,70.0
611,beidao,34.5686,287.7,4.56,50.0,scattered clouds,28.0
612,simav,39.0882,289.06,1.98,85.0,overcast clouds,78.0
613,los cedrales,-25.65,297.15,2.06,0.0,clear sky,64.0
614,lasa,46.6166,282.59,1.23,0.0,clear sky,60.0
615,gasa,31.5,293.15,1.03,0.0,clear sky,42.0
616,campoverde,-8.4753,299.15,1.03,40.0,scattered clouds,83.0
617,trairi,-3.2778,297.03,2.14,91.0,overcast clouds,92.0
618,sao raimundo nonato,-9.0153,296.84,1.8,36.0,scattered clouds,53.0
619,koumac,-20.5667,299.86,2.68,44.0,scattered clouds,71.0
620,coos bay,43.3665,290.37,4.63,1.0,clear sky,82.0
621,ugoofaaru,5.6667,302.0,3.54,100.0,moderate rain,73.0
622,deep river,46.1001,279.26,1.52,90.0,overcast clouds,81.0
623,jawhar,2.7809,298.49,2.82,100.0,overcast clouds,77.0
624,brejo,-3.6844,296.21,1.65,99.0,overcast clouds,96.0
625,thinadhoo,0.5333,301.52,1.04,100.0,overcast clouds,72.0
626,chaohu,31.6,290.37,7.0,90.0,mist,100.0
627,kamaishi,39.2667,291.15,4.12,20.0,few clouds,48.0
628,ulaangom,49.9811,279.76,0.81,99.0,overcast clouds,29.0
629,hammerfest,70.6634,268.15,1.54,0.0,clear sky,68.0
630,umm lajj,25.0213,301.12,2.05,0.0,clear sky,39.0
631,guilin,25.2819,294.15,2.6,75.0,moderate rain,94.0
632,la ronge,55.1001,277.15,2.57,70.0,broken clouds,51.0
633,naifaru,5.4444,302.13,4.17,100.0,light rain,73.0
634,hangu,39.2489,293.15,9.0,0.0,clear sky,19.0
635,prieska,-29.6641,288.33,2.34,2.0,clear sky,42.0
636,kaili,-3.4626,298.1,1.35,78.0,broken clouds,69.0
637,kupang,-10.1667,301.65,6.42,8.0,clear sky,66.0
638,norden,53.6,282.04,8.94,100.0,overcast clouds,77.0
639,gotemba,35.3,294.82,2.24,6.0,clear sky,29.0
640,abu dhabi,24.4667,301.15,1.54,0.0,clear sky,51.0
641,waipawa,-41.4122,290.15,9.26,17.0,few clouds,55.0
642,port hawkesbury,45.6169,281.15,3.09,1.0,clear sky,53.0
643,geelong,-38.1471,284.26,8.51,100.0,light rain,98.0
644,meulaboh,4.1363,299.38,1.35,100.0,overcast clouds,87.0
645,ouadda,8.0777,297.14,1.57,93.0,overcast clouds,65.0
646,lithgow,-33.4833,282.04,0.54,100.0,light rain,43.0
647,porto novo,6.4965,299.15,2.06,40.0,moderate rain,89.0
648,kiruna,67.8557,268.15,3.09,90.0,snow,100.0
649,anadyr,64.75,266.15,2.0,75.0,light snow,86.0
650,gornopravdinsk,60.05,275.98,1.55,100.0,overcast clouds,58.0
651,trebisov,48.6286,277.15,2.57,0.0,clear sky,70.0
652,bandarbeyla,9.4942,301.56,1.47,28.0,scattered clouds,67.0
653,cacule,-14.5033,293.36,2.42,81.0,broken clouds,78.0
654,walvis bay,-22.9575,292.15,1.03,97.0,overcast clouds,63.0
655,maningrida,-12.0667,301.73,5.41,9.0,clear sky,55.0
656,ikom,5.9667,295.94,1.46,100.0,overcast clouds,98.0
657,weyburn,49.6668,281.15,4.63,0.0,clear sky,25.0
658,ilebo,-4.3167,294.65,0.63,100.0,overcast clouds,96.0
659,wagga wagga,-35.1167,287.15,2.06,90.0,overcast clouds,82.0
660,sipe sipe,-17.45,292.15,4.12,10.0,clear sky,37.0
661,russell,32.3502,296.15,8.75,90.0,overcast clouds,73.0
662,susanville,40.4163,294.15,3.16,1.0,clear sky,11.0
663,fairbanks,64.8378,288.15,6.17,1.0,clear sky,26.0
664,boksitogorsk,59.474,274.82,0.89,100.0,light rain,93.0
665,worthington,40.0931,293.15,3.09,75.0,broken clouds,88.0
666,kolyshley,52.7005,287.59,8.48,100.0,overcast clouds,99.0
667,mucurapo,10.6667,299.15,3.82,20.0,few clouds,83.0
668,maceio,-9.6658,298.15,1.03,40.0,scattered clouds,88.0
669,ziro,27.6333,286.84,0.24,91.0,overcast clouds,82.0
670,asyut,27.181,298.15,5.14,0.0,clear sky,29.0
671,taman,45.2117,288.15,4.0,100.0,overcast clouds,88.0
672,aginskoye,51.1,276.63,11.93,100.0,overcast clouds,77.0
673,shahr-e babak,30.1165,285.15,1.58,16.0,few clouds,56.0
674,plettenberg bay,-34.0527,293.21,2.59,100.0,overcast clouds,45.0
675,port lavaca,28.615,300.15,5.66,90.0,haze,83.0
676,trenggalek,-8.05,300.56,1.23,29.0,scattered clouds,79.0
677,grand-bourg,15.8835,298.15,1.54,0.0,clear sky,83.0
678,nosy varika,-20.5833,294.36,2.18,37.0,light rain,93.0
679,farafangana,-22.8167,292.96,2.5,36.0,scattered clouds,90.0
680,beloha,-25.1667,289.09,3.18,0.0,clear sky,76.0
681,jizan,17.3333,301.15,1.37,20.0,few clouds,78.0
682,pacifica,37.6138,290.93,9.26,1.0,clear sky,63.0
683,manzanillo,20.3433,300.13,0.94,81.0,heavy intensity rain,69.0
684,awbari,26.5921,301.61,2.63,48.0,scattered clouds,6.0
685,muscatine,41.4667,291.15,5.14,90.0,overcast clouds,88.0
686,munak,29.5187,302.09,0.54,7.0,clear sky,27.0
687,matara,5.9485,298.02,1.2,92.0,overcast clouds,88.0
688,oktyabrskoye,43.0645,284.15,1.0,12.0,few clouds,93.0
689,black diamond,47.3087,285.37,0.55,100.0,heavy intensity rain,95.0
690,langxiang,46.95,282.13,3.01,100.0,light rain,74.0
691,hit,33.6416,299.41,3.43,1.0,clear sky,23.0
692,tucuman,-26.8241,294.15,3.09,100.0,overcast clouds,83.0
693,iguape,-24.7081,292.99,2.38,6.0,clear sky,89.0
694,timizart,36.8,288.52,0.77,100.0,overcast clouds,97.0
695,saint-georges,12.0564,299.15,5.14,75.0,broken clouds,89.0
696,manaure,11.7751,301.41,6.82,99.0,overcast clouds,64.0
697,gonzalez,30.5816,299.15,5.66,90.0,overcast clouds,89.0
698,banyuwangi,-8.2325,301.41,1.55,100.0,overcast clouds,73.0
699,sakaiminato,35.55,292.15,0.51,75.0,broken clouds,39.0
700,luderitz,-26.6481,292.0,2.8,0.0,clear sky,62.0
701,palmer,42.1584,287.15,2.01,90.0,light rain,100.0
702,san patricio,28.017,301.15,7.72,40.0,scattered clouds,89.0
703,kozhevnikovo,56.2589,278.15,0.89,71.0,light rain,91.0
704,stephenville,32.2207,300.37,8.23,1.0,clear sky,61.0
705,podosinovets,60.2776,277.21,5.43,100.0,light rain,95.0
706,krasnokamensk,50.0979,276.48,8.4,100.0,overcast clouds,88.0
707,suluktu,39.9337,290.15,2.0,58.0,broken clouds,72.0
708,dhidhdhoo,6.8833,302.49,3.78,99.0,overcast clouds,72.0
709,bowen,-20.0167,299.15,6.69,90.0,overcast clouds,69.0
710,paamiut,61.994,278.08,5.32,100.0,overcast clouds,62.0
711,porto-vecchio,41.591,284.15,1.54,0.0,clear sky,93.0
712,lata,40.1629,285.93,0.51,0.0,clear sky,87.0
713,arlit,18.7369,302.09,3.0,0.0,clear sky,6.0
714,nayudupeta,13.9,301.15,1.03,20.0,mist,89.0
715,alta floresta,-9.8756,296.59,1.31,60.0,broken clouds,84.0
716,te karaka,-38.4654,292.09,2.58,0.0,clear sky,31.0
717,bardiyah,31.7561,300.23,2.97,95.0,overcast clouds,25.0
718,carquefou,47.2982,285.37,7.72,75.0,broken clouds,71.0
719,san jeronimo,-11.9472,282.46,1.52,100.0,overcast clouds,83.0
720,riom,45.9167,281.15,3.6,0.0,clear sky,57.0
721,ulladulla,-35.35,288.71,3.09,90.0,light rain,100.0
722,hof,50.3167,277.59,4.47,100.0,overcast clouds,63.0
723,krasnovishersk,60.4078,275.64,3.43,100.0,overcast clouds,96.0
724,artesia,33.8658,297.15,3.6,1.0,clear sky,49.0
725,loa janan,-0.583,298.88,0.3,100.0,overcast clouds,91.0
726,wajir,1.7471,298.09,4.76,13.0,few clouds,72.0
727,banda aceh,5.5577,301.02,2.03,97.0,overcast clouds,76.0
728,asfi,32.2994,289.9,4.75,8.0,clear sky,72.0
729,chipiona,36.7366,290.15,5.14,0.0,clear sky,77.0
730,aligarh,27.8833,302.5,2.05,5.0,clear sky,24.0
731,clarksburg,39.2807,293.15,3.09,90.0,overcast clouds,88.0
732,tromso,69.6496,271.15,2.57,0.0,clear sky,64.0
733,manica,49.0,283.15,10.8,90.0,overcast clouds,81.0
734,marsberg,51.4617,284.26,6.69,0.0,clear sky,40.0
735,iralaya,15.0,300.93,6.19,8.0,clear sky,68.0
736,dolores,-36.3132,287.23,2.79,100.0,light rain,93.0
737,karpathos,35.507,295.15,2.06,90.0,overcast clouds,56.0
738,myanaung,18.2833,302.52,1.4,0.0,clear sky,59.0
739,tornio,65.8481,272.15,3.6,0.0,clear sky,80.0
740,atasu,48.6814,285.04,3.59,0.0,clear sky,33.0
741,naze,28.3667,295.15,8.23,75.0,broken clouds,68.0
742,inirida,3.8653,295.61,1.15,88.0,overcast clouds,97.0
743,woodland,38.6785,304.82,8.23,1.0,clear sky,14.0
744,taoudenni,22.6783,302.88,6.59,99.0,overcast clouds,40.0
745,korla,41.7597,287.65,3.5,64.0,broken clouds,30.0
746,inzer,54.2167,283.07,2.08,12.0,few clouds,92.0
747,bereda,43.2686,279.26,0.45,98.0,overcast clouds,100.0
748,piedade,-23.7119,287.73,1.86,0.0,clear sky,77.0
749,horuphav,54.9102,281.15,6.69,90.0,overcast clouds,76.0
750,tanout,14.9709,300.55,4.24,79.0,broken clouds,6.0
751,del rio,29.3627,309.15,2.06,1.0,clear sky,17.0
752,ponce,18.073,299.26,3.13,83.0,broken clouds,73.0
753,gushikawa,26.3544,297.15,6.17,40.0,scattered clouds,69.0
754,saint-pierre,-21.3393,297.15,3.09,0.0,clear sky,69.0
755,teluknaga,-6.0989,303.71,3.09,20.0,few clouds,74.0
756,baruun-urt,46.6806,276.39,9.18,94.0,overcast clouds,40.0
757,wagar,16.1525,301.94,1.34,91.0,overcast clouds,47.0
758,palizada,18.25,306.15,2.06,40.0,scattered clouds,58.0
759,bongandanga,1.5,294.81,0.83,100.0,overcast clouds,96.0
760,stromness,58.965,278.15,7.72,75.0,broken clouds,81.0
761,lewistown,40.5992,290.93,0.99,90.0,light intensity drizzle,99.0
762,waycross,31.2136,300.15,3.6,1.0,clear sky,61.0
763,faya,18.3851,289.15,1.43,93.0,overcast clouds,88.0
764,vieux-habitants,16.0589,298.15,1.54,0.0,clear sky,83.0
765,bakchar,57.0186,277.89,3.88,59.0,broken clouds,66.0
766,puerto ayacucho,5.6639,296.69,0.58,100.0,heavy intensity rain,87.0
767,ahuimanu,21.4447,302.15,5.14,40.0,scattered clouds,65.0
768,havelock,34.8791,296.48,4.02,90.0,overcast clouds,78.0
769,sur,22.5667,301.44,1.66,100.0,overcast clouds,56.0
770,kimbe,-5.5502,305.54,1.27,72.0,broken clouds,57.0
771,onokhoy,51.932,279.15,3.0,84.0,broken clouds,45.0
772,tual,-5.6667,301.35,7.96,81.0,broken clouds,75.0
773,sokolo,14.7328,307.16,4.53,4.0,clear sky,22.0
774,el alto,-4.2714,294.06,5.57,100.0,overcast clouds,77.0
775,steinbach,50.1667,284.26,4.63,0.0,clear sky,53.0
776,sola,-13.8833,304.15,1.03,75.0,broken clouds,74.0
777,hofn,64.2539,273.82,6.6,10.0,clear sky,60.0
778,kamina,-8.7386,289.13,1.97,86.0,overcast clouds,96.0
779,kamloops,50.6665,290.37,5.14,75.0,broken clouds,39.0
780,lensk,60.7253,278.98,1.82,97.0,overcast clouds,77.0
781,penzance,50.1186,283.15,15.81,75.0,broken clouds,76.0
782,enshi,30.3,294.08,1.04,100.0,overcast clouds,77.0
783,ravar,31.2656,290.74,0.72,95.0,overcast clouds,60.0
784,mareeba,-17.0,301.48,6.69,40.0,scattered clouds,65.0
785,tabas,33.5959,291.07,1.26,81.0,broken clouds,71.0
786,nara,34.6851,295.37,1.03,0.0,clear sky,52.0
787,kokopo,-4.352,302.18,2.12,33.0,scattered clouds,69.0
788,mussomeli,37.5778,286.48,1.18,33.0,scattered clouds,94.0
789,figeac,44.75,278.15,3.09,0.0,clear sky,81.0
790,basay,9.4087,303.57,6.06,47.0,scattered clouds,64.0
791,kaeo,-35.1,293.15,0.89,9.0,clear sky,53.0
792,perpignan,42.75,284.82,2.57,0.0,clear sky,66.0
793,mogoytuy,51.2833,277.41,10.83,100.0,light rain,76.0
794,saint-augustin,51.226,280.26,4.45,100.0,overcast clouds,60.0
795,ningbo,29.8782,297.15,6.0,75.0,moderate rain,83.0
796,vegachi,6.7614,290.77,0.94,100.0,overcast clouds,97.0
797,maxixe,-23.8597,290.71,3.51,27.0,scattered clouds,71.0
798,freeport,40.6576,285.93,3.09,100.0,overcast clouds,94.0
799,tessalit,20.1986,303.24,4.0,0.0,clear sky,7.0
800,hirado,33.3597,291.15,6.17,75.0,broken clouds,72.0
801,honiara,-9.4333,302.4,2.0,39.0,scattered clouds,72.0
802,cabatuan,10.8794,303.76,6.57,98.0,overcast clouds,60.0
803,tocopilla,-22.092,292.61,2.29,100.0,overcast clouds,74.0
804,nisia floresta,-6.0911,298.15,2.06,75.0,broken clouds,88.0
805,puerto leguizamo,-0.1934,295.37,0.26,100.0,overcast clouds,98.0
806,nikolayevsk-na-amure,53.1406,278.2,3.19,0.0,clear sky,44.0
807,axams,47.2081,277.59,1.03,26.0,scattered clouds,81.0
808,amga,60.8953,281.62,2.18,100.0,overcast clouds,80.0
809,bourail,-21.5667,299.09,3.47,100.0,moderate rain,71.0
810,viedma,-40.8135,283.46,11.14,35.0,scattered clouds,49.0
811,nokaneng,-19.6667,287.4,2.97,0.0,clear sky,47.0
812,wang saphung,17.301,300.93,2.06,40.0,scattered clouds,94.0
813,komatipoort,-25.4332,288.15,1.8,0.0,clear sky,89.0
814,bac lieu,9.285,303.3,6.44,99.0,overcast clouds,67.0
815,ingham,42.6,289.26,2.09,90.0,overcast clouds,94.0
816,independencia,-5.3964,297.76,1.08,100.0,overcast clouds,68.0
817,fairview,40.8126,287.15,1.54,90.0,overcast clouds,88.0
818,nizhnyaya omka,55.4338,278.79,2.3,10.0,clear sky,68.0
819,santa cruz de tenerife,28.4682,290.37,7.2,75.0,broken clouds,82.0
820,amherst,41.3978,289.82,2.06,90.0,mist,94.0
821,sabha,27.0377,302.41,4.27,70.0,broken clouds,13.0
822,qujing,25.4833,293.14,2.09,8.0,clear sky,57.0
823,bilma,18.6853,302.83,2.99,0.0,clear sky,3.0
824,ritchie,-29.038,282.15,2.62,0.0,clear sky,81.0
825,whyalla,-33.0333,288.15,7.2,0.0,clear sky,63.0
826,desaguadero,-16.5656,280.45,1.78,25.0,scattered clouds,47.0
827,la paz,-16.5,276.15,3.09,4.0,clear sky,70.0
828,vila do maio,15.1333,294.15,7.72,40.0,scattered clouds,73.0
829,marzuq,14.4,295.98,2.12,98.0,overcast clouds,60.0
830,lohja,60.2486,275.93,2.24,100.0,overcast clouds,53.0
831,naantali,60.4674,276.48,1.54,0.0,clear sky,60.0
832,ekhabi,53.5102,274.37,6.41,5.0,clear sky,70.0
833,krasnoarmeysk,51.0239,288.15,0.45,100.0,overcast clouds,46.0
834,buraydah,26.326,293.15,2.06,0.0,clear sky,34.0
835,ziyang,29.2497,293.15,0.71,100.0,moderate rain,99.0
836,derzhavinsk,51.1,283.12,5.04,0.0,clear sky,79.0
837,galeana,24.8333,295.77,1.45,0.0,clear sky,17.0
838,garowe,8.4054,298.1,0.86,100.0,light rain,64.0
839,roma,43.2128,288.15,3.09,90.0,light rain,67.0
840,chateauroux,46.8167,281.15,5.14,0.0,clear sky,61.0
841,rabaul,-4.1967,301.48,2.25,21.0,few clouds,73.0
842,zhigansk,66.7697,274.16,3.87,100.0,overcast clouds,99.0
843,delta del tigre,-34.7633,292.59,9.02,90.0,overcast clouds,100.0
844,madimba,-10.4,296.08,6.78,57.0,broken clouds,82.0
845,petropolis,59.8944,275.37,5.0,90.0,moderate rain,93.0
846,basqal,40.7552,283.15,2.68,3.0,clear sky,93.0
847,yuxia,34.0615,291.15,5.0,0.0,clear sky,45.0
848,ullapool,57.8987,277.04,1.34,100.0,overcast clouds,63.0
849,hun,29.1268,295.16,5.44,89.0,overcast clouds,57.0
850,kenai,60.5544,285.15,6.69,90.0,overcast clouds,35.0
851,el astillero,43.4009,283.71,2.06,0.0,clear sky,87.0
852,dondo,-19.6094,295.15,2.56,20.0,few clouds,78.0
853,sao caetano de odivelas,-0.75,296.64,1.95,99.0,overcast clouds,94.0
854,beringovskiy,63.05,268.85,4.16,100.0,light snow,90.0
855,sistranda,63.7256,275.15,4.12,0.0,clear sky,64.0
856,puerto cabezas,14.0351,300.1,5.53,5.0,clear sky,73.0
857,cristobal obregon,16.35,301.15,4.12,40.0,scattered clouds,51.0
858,zhob,31.3411,294.04,0.32,98.0,overcast clouds,46.0
859,tabora,-5.0167,289.69,2.62,37.0,scattered clouds,95.0
860,snezhnogorsk,69.1933,264.15,2.0,0.0,clear sky,92.0
861,elizabeth city,36.2946,296.15,4.63,1.0,clear sky,88.0
862,kozhva,65.1073,272.45,2.15,79.0,broken clouds,63.0
863,kletskaya,49.3145,287.4,6.09,15.0,few clouds,71.0
864,chumphon,10.3333,298.15,1.03,0.0,clear sky,94.0
865,masuda,34.6667,292.15,2.57,0.0,clear sky,45.0
866,goderich,43.7501,285.15,5.14,100.0,overcast clouds,87.0
867,meadow lake,34.8014,288.71,3.6,75.0,broken clouds,62.0
868,clearwater,27.9659,300.15,2.06,1.0,clear sky,78.0
869,changji,44.0167,287.15,4.06,0.0,clear sky,28.0
870,takoradi,4.8845,299.7,3.4,100.0,light rain,84.0
871,raudeberg,61.9875,277.59,3.71,63.0,broken clouds,83.0
872,impfondo,1.6381,295.08,1.37,100.0,overcast clouds,92.0
873,hambantota,6.1241,297.15,1.03,20.0,few clouds,100.0
874,petlawad,23.0,300.72,2.83,13.0,few clouds,24.0
875,gambela,8.25,295.7,1.25,100.0,overcast clouds,73.0
876,wenling,28.3669,296.48,6.05,100.0,overcast clouds,85.0
877,ouesso,1.6136,294.55,0.92,100.0,overcast clouds,97.0
878,jerusalem,31.769,295.37,1.34,8.0,clear sky,32.0
879,aguimes,27.9054,292.04,6.69,75.0,light intensity drizzle,72.0
880,cumberland,35.0502,297.15,6.17,1.0,clear sky,73.0
881,abalak,58.1286,278.89,1.83,100.0,overcast clouds,66.0
882,prince rupert,54.3161,283.15,4.12,75.0,light rain,76.0
883,dubuque,42.4833,288.71,5.66,75.0,broken clouds,100.0
884,salina,38.8403,290.15,8.75,75.0,broken clouds,55.0
885,borisovka,50.6236,280.15,4.0,75.0,broken clouds,65.0
886,mincivan,39.0294,288.73,1.5,8.0,clear sky,69.0
887,southbridge,42.0751,287.15,3.6,90.0,light rain,51.0
888,frontera,26.9333,308.15,2.42,5.0,clear sky,10.0
889,klyuchi,52.2667,282.98,6.59,3.0,clear sky,72.0
890,steamboat springs,40.485,277.04,1.54,90.0,overcast clouds,100.0
891,konstantinovka,49.6167,283.71,9.02,100.0,overcast clouds,79.0
892,tiznit,29.5833,286.53,2.9,70.0,broken clouds,84.0
893,maragogi,-9.0122,297.33,2.04,31.0,scattered clouds,87.0
894,moree,-29.4667,293.15,3.6,40.0,scattered clouds,68.0
895,palana,59.1167,272.55,5.27,0.0,clear sky,64.0
896,poltavka,54.3663,279.88,0.86,79.0,broken clouds,61.0
897,omboue,-1.5746,298.64,1.96,100.0,overcast clouds,90.0
898,burnie,-41.0667,286.48,4.47,6.0,clear sky,54.0
899,batagay,67.6333,275.68,0.43,98.0,overcast clouds,94.0
900,gambo,4.6482,293.33,1.09,86.0,overcast clouds,97.0
901,kirakira,-10.4544,301.83,2.24,84.0,broken clouds,74.0
902,puerto asis,0.5133,294.21,1.06,100.0,overcast clouds,93.0
903,gravdal,68.1214,275.13,5.53,6.0,clear sky,64.0
904,lobau,51.1,279.26,2.68,87.0,overcast clouds,68.0
905,visby,57.6409,277.04,2.57,20.0,few clouds,100.0
906,jinchang,38.4953,281.99,1.28,100.0,overcast clouds,21.0
907,pemba,-12.974,294.15,5.66,40.0,scattered clouds,88.0
908,celestun,20.8667,301.87,5.55,15.0,few clouds,77.0
909,samarai,-10.6167,301.06,4.11,23.0,few clouds,77.0
910,coxim,-18.5067,298.91,1.94,90.0,overcast clouds,38.0
911,jaumave,23.4167,311.15,4.12,20.0,few clouds,13.0
912,mudhol,16.35,300.08,1.91,5.0,clear sky,54.0
913,pacific grove,36.6177,294.15,3.6,1.0,clear sky,37.0
914,salamiyah,35.0113,294.47,3.45,10.0,clear sky,31.0
915,qasigiannguit,68.8193,280.15,12.35,0.0,clear sky,33.0
916,olinda,-8.0089,296.15,2.57,75.0,mist,88.0
917,boende,-0.2167,294.59,0.95,100.0,overcast clouds,98.0
918,fukuma,33.7667,293.71,6.69,75.0,broken clouds,59.0
919,vysokogornyy,50.1167,280.94,1.92,5.0,clear sky,34.0
920,kastamonu,41.5,284.4,1.55,100.0,overcast clouds,83.0
921,hirara,24.8,298.15,6.69,75.0,broken clouds,88.0
922,khani,41.9563,286.15,1.03,0.0,clear sky,88.0
923,wuwei,37.9281,282.42,0.53,100.0,overcast clouds,24.0
924,businga,3.3333,294.26,0.46,100.0,light rain,97.0
925,pandan,14.0453,300.67,6.08,92.0,light rain,86.0
926,ondjiva,-17.0667,291.44,2.01,1.0,clear sky,71.0
927,chimbote,-9.0853,292.2,3.82,100.0,overcast clouds,82.0
928,moussoro,13.6408,301.69,3.19,48.0,scattered clouds,9.0
929,babu,24.4167,297.96,2.23,98.0,light rain,88.0
930,ginir,7.1333,287.28,1.82,80.0,broken clouds,82.0
931,zapolyarnyy,69.4154,268.15,1.03,0.0,clear sky,86.0
932,pizarro,4.9533,297.22,1.05,100.0,overcast clouds,89.0
933,bairiki,1.3292,303.15,5.66,20.0,few clouds,74.0
934,pochutla,15.7432,303.15,5.14,20.0,few clouds,62.0
935,caravelas,-17.7125,296.54,3.2,100.0,overcast clouds,81.0
936,maneadero,31.7167,292.59,0.45,0.0,clear sky,74.0
937,bud,39.447,293.15,2.82,85.0,overcast clouds,87.0
938,dunedin,-45.8742,290.93,3.58,100.0,overcast clouds,45.0
939,guaiba,-30.1139,298.15,2.06,0.0,clear sky,73.0
940,vung tau,10.346,302.29,7.85,53.0,broken clouds,73.0
941,eydhafushi,5.1033,302.35,3.11,100.0,light rain,70.0
942,asau,46.4333,277.04,1.54,14.0,few clouds,68.0
943,seybaplaya,19.65,307.15,2.57,40.0,scattered clouds,55.0
944,bubaque,11.2833,298.32,8.42,42.0,scattered clouds,69.0
945,paracatu,-17.2222,290.59,1.08,0.0,clear sky,67.0
946,vieste,41.8825,281.15,2.57,0.0,clear sky,87.0
947,kaduqli,11.0167,302.18,4.41,34.0,scattered clouds,44.0
948,dakoro,14.5106,301.62,5.3,100.0,overcast clouds,6.0
949,acapulco,16.8634,300.15,2.57,40.0,scattered clouds,74.0
950,yaransk,57.3033,286.13,8.09,100.0,moderate rain,93.0
951,chake chake,-5.2459,297.74,6.35,94.0,overcast clouds,89.0
952,akdepe,42.0551,292.15,2.06,0.0,clear sky,42.0
953,abu kamal,34.4506,298.51,4.01,57.0,broken clouds,22.0
954,phan thiet,10.9333,301.72,3.56,99.0,overcast clouds,64.0
955,killam,52.7834,286.15,3.09,90.0,overcast clouds,26.0
956,usinsk,65.9939,271.84,6.4,11.0,few clouds,74.0
957,moffat,55.3323,277.04,2.68,100.0,overcast clouds,45.0
958,nauta,-4.5061,295.63,1.05,24.0,moderate rain,97.0
959,sergeyevka,53.88,279.51,2.91,46.0,scattered clouds,79.0
960,dmanisi,41.5251,287.15,2.06,0.0,clear sky,88.0
961,callaway,30.153,298.71,5.66,75.0,broken clouds,94.0
962,marang,5.2056,299.15,1.54,20.0,few clouds,94.0
963,iracoubo,5.4802,298.15,3.55,100.0,overcast clouds,88.0
964,kommunar,59.6206,275.15,5.0,90.0,moderate rain,93.0
965,alpena,45.0617,279.26,3.09,90.0,mist,100.0
966,ganzhou,28.8184,293.83,2.39,100.0,light rain,90.0
967,hovd,48.0056,280.52,0.12,7.0,clear sky,21.0
968,lavrentiya,65.5833,269.93,3.32,11.0,few clouds,70.0
969,igrim,63.1906,274.32,1.63,100.0,overcast clouds,52.0
970,altamira,-3.2033,295.54,0.2,63.0,moderate rain,96.0
971,barra patuca,15.8,301.05,8.58,6.0,clear sky,71.0
972,zaranj,30.9667,291.15,2.06,75.0,broken clouds,72.0
973,hacari,8.3233,291.38,0.61,100.0,overcast clouds,95.0
974,bakloh,32.4667,294.62,2.99,70.0,broken clouds,37.0
975,biak,-0.9131,301.42,2.27,53.0,broken clouds,66.0
976,yebaishou,41.3975,289.04,7.01,15.0,few clouds,19.0
977,sulphur springs,33.1385,301.15,4.74,1.0,clear sky,65.0
978,moose factory,51.2585,274.15,3.09,1.0,clear sky,80.0
979,visnes,59.3556,277.15,4.12,40.0,scattered clouds,81.0
980,almaznyy,48.0448,287.15,5.0,40.0,scattered clouds,82.0
981,akoupe,6.39,296.56,1.08,100.0,overcast clouds,97.0
982,cap malheureux,-19.9842,298.15,0.89,8.0,light rain,89.0
983,salinopolis,-0.6136,298.66,3.19,87.0,overcast clouds,86.0
984,columbus,39.9612,293.15,1.54,100.0,overcast clouds,83.0
985,kovdor,67.5662,268.89,1.28,84.0,broken clouds,98.0
986,englewood,39.6478,278.15,1.54,90.0,light rain,93.0
987,kosai,34.7105,294.82,3.13,100.0,overcast clouds,27.0
988,san matias,-16.3667,298.63,2.47,6.0,clear sky,65.0
989,oranjemund,-28.55,290.25,0.32,0.0,clear sky,71.0
990,synya,65.3718,272.1,2.49,67.0,broken clouds,69.0
991,opochka,56.7105,273.71,7.03,100.0,snow,97.0
992,ajdabiya,30.7554,303.14,2.19,100.0,overcast clouds,16.0
993,athabasca,54.7169,284.15,4.12,23.0,few clouds,25.0
994,asini,37.5454,293.15,1.42,100.0,overcast clouds,63.0
995,dehloran,32.6941,298.22,2.8,0.0,clear sky,26.0
996,lakatoro,-16.0999,301.54,2.0,21.0,few clouds,71.0
997,boke,10.9409,297.46,1.8,32.0,scattered clouds,76.0
998,vorontsovka,50.6132,283.42,5.46,70.0,broken clouds,84.0
999,peniche,39.3558,285.93,3.13,6.0,clear sky,84.0
1000,berck,50.4,284.15,10.29,90.0,overcast clouds,82.0
1001,morondava,-20.2833,294.19,5.73,0.0,clear sky,72.0
1002,scottsbluff,41.8666,284.15,3.09,90.0,overcast clouds,40.0
1003,ratnagiri,16.9833,300.99,1.35,5.0,clear sky,78.0
1004,emporia,38.4039,292.15,8.75,1.0,clear sky,59.0
1005,riohacha,11.5444,299.59,4.54,50.0,scattered clouds,73.0
1006,shitkino,56.3703,280.72,2.87,100.0,overcast clouds,72.0
1007,ramhormoz,31.28,296.5,1.54,100.0,overcast clouds,38.0
1008,manakara,-22.1333,292.9,2.84,72.0,broken clouds,96.0
1009,ulaanbaatar,47.9077,274.15,9.0,20.0,few clouds,47.0
1010,luquillo,18.3725,299.15,5.14,75.0,broken clouds,78.0
1011,esmeraldas,-19.7625,293.15,3.6,0.0,clear sky,72.0
1012,bull savanna,17.8868,297.49,4.87,10.0,clear sky,80.0
1013,novoderevyankovskaya,46.3231,287.92,6.01,100.0,moderate rain,88.0
1014,belmonte,-15.8631,295.15,2.57,75.0,broken clouds,88.0
1015,carmen,18.6333,306.15,2.06,40.0,scattered clouds,58.0
1016,storm lake,42.6411,288.15,7.72,1.0,clear sky,51.0
1017,lobva,59.1854,277.43,4.34,100.0,overcast clouds,94.0
1018,fort nelson,58.8053,286.15,3.09,75.0,light rain,44.0
1019,jorochito,-18.05,297.15,4.12,8.0,clear sky,83.0
1020,machilipatnam,16.1667,301.15,2.57,75.0,mist,89.0
1021,belyy yar,53.6039,279.15,3.32,0.0,clear sky,61.0
1022,tiarei,-17.5333,304.15,3.09,20.0,few clouds,62.0
1023,turkistan,43.0,293.38,4.75,34.0,scattered clouds,33.0
1024,santiago del estero,-27.7951,299.12,3.34,77.0,broken clouds,57.0
1025,waddan,29.1614,296.23,3.53,96.0,overcast clouds,50.0
1026,yazykovo,55.2199,283.61,4.16,58.0,broken clouds,85.0
1027,gejiu,23.306,290.72,2.0,0.0,clear sky,67.0
1028,lakeside,30.13,302.15,2.57,75.0,broken clouds,51.0
1029,amos,48.5669,281.15,2.06,75.0,broken clouds,49.0
1030,helena,46.5927,289.15,2.57,1.0,clear sky,17.0
1031,curuca,-0.7289,296.35,1.6,83.0,broken clouds,95.0
1032,netrakona,24.8833,297.83,3.34,98.0,overcast clouds,77.0
1033,montelibano,7.9829,297.3,1.08,100.0,overcast clouds,90.0
1034,muroto,33.2833,292.15,3.6,0.0,clear sky,48.0
1035,pallasovka,50.05,287.53,5.16,100.0,overcast clouds,45.0
1036,kamenka,51.3223,287.59,5.57,100.0,overcast clouds,93.0
1037,lagunas,-5.2269,295.93,0.94,86.0,overcast clouds,96.0
1038,hailey,43.5196,287.15,4.12,40.0,scattered clouds,38.0
1039,high level,58.5169,284.15,6.17,20.0,few clouds,30.0
1040,bam,29.106,291.78,1.22,0.0,clear sky,59.0
1041,vlissingen,51.4425,282.59,17.49,90.0,drizzle,81.0
1042,kargasok,59.0556,276.19,4.73,73.0,broken clouds,61.0
1043,gurgentepe,40.7883,290.15,3.09,75.0,broken clouds,88.0
1044,khandyga,62.6667,280.59,0.3,99.0,overcast clouds,69.0
1045,rock springs,41.5875,282.04,6.17,90.0,overcast clouds,56.0
1046,pahrump,36.2083,300.93,4.02,0.0,clear sky,7.0
1047,khingansk,49.1167,280.56,8.08,100.0,overcast clouds,47.0
1048,bechem,7.0903,295.48,1.54,100.0,overcast clouds,97.0
1049,deputatskiy,69.3,272.99,0.62,100.0,overcast clouds,100.0
1050,iskateley,67.6803,270.5,6.67,87.0,overcast clouds,92.0
1051,flin flon,54.7682,275.07,3.49,100.0,overcast clouds,49.0
1052,shenavan,40.0549,287.15,4.12,3.0,clear sky,58.0
1053,floro,61.5996,276.15,3.09,55.0,broken clouds,81.0
1054,jaffna,9.6685,300.88,3.41,100.0,overcast clouds,78.0
1055,benemerito de las americas,16.5167,304.08,2.29,4.0,clear sky,44.0
1056,opuwo,-18.0607,294.47,3.96,60.0,broken clouds,51.0
1057,carbonear,47.7332,275.37,1.34,92.0,overcast clouds,91.0
1058,tyukhtet,56.5389,279.34,6.17,100.0,light rain,91.0
1059,sault sainte marie,46.5168,282.15,4.12,90.0,overcast clouds,87.0
1060,tandil,-37.3217,285.37,1.34,92.0,overcast clouds,73.0
1061,phuket,8.0,304.26,1.03,20.0,few clouds,83.0
1062,turukhansk,65.8167,269.95,1.67,100.0,overcast clouds,89.0
1063,prado,-17.3411,295.95,3.62,100.0,overcast clouds,86.0
1064,kuching,1.55,300.15,1.54,20.0,few clouds,89.0
1065,dalbandin,28.8947,295.01,1.42,86.0,overcast clouds,51.0
1066,tiquicheo,18.8833,306.22,3.74,0.0,clear sky,21.0
1067,changping,40.2186,294.26,9.0,0.0,clear sky,16.0
1068,shanghai,31.2222,295.37,5.0,100.0,moderate rain,94.0
1069,sobolevo,54.4299,274.91,8.81,100.0,snow,96.0
1070,auki,-8.7676,301.8,1.39,53.0,broken clouds,75.0
1071,belaya gora,68.5333,273.78,1.11,100.0,overcast clouds,100.0
1072,phalaborwa,-23.943,286.15,1.54,0.0,clear sky,100.0
1073,seravezza,43.995,285.93,0.89,100.0,overcast clouds,96.0
1074,amahai,-3.3333,303.08,0.05,66.0,broken clouds,66.0
1075,kunming,25.0389,291.15,4.0,0.0,clear sky,59.0
1076,thunder bay,48.4001,278.15,2.06,90.0,light rain,93.0
1077,bealanana,-14.55,290.02,0.16,9.0,clear sky,96.0
1078,shitanjing,39.2342,281.71,10.07,0.0,clear sky,21.0
1079,mount hagen,-5.8581,296.72,1.33,36.0,scattered clouds,60.0
1080,tongliao,43.6125,288.64,6.68,100.0,overcast clouds,24.0
1081,pindushi,62.9152,275.5,5.93,100.0,light rain,53.0
1082,keflavik,64.0049,275.15,3.09,0.0,clear sky,64.0
1083,tabou,4.423,299.28,3.34,100.0,overcast clouds,84.0
1084,itabera,-23.8619,289.26,2.72,3.0,clear sky,75.0
1085,sterling,39.0062,294.26,4.12,75.0,broken clouds,88.0
1086,kiunga,-6.1219,301.7,2.03,92.0,overcast clouds,71.0
1087,teya,60.3778,275.96,0.87,100.0,light rain,99.0
1088,carutapera,-1.195,297.3,2.06,93.0,overcast clouds,92.0
1089,trinidad,-14.8333,296.58,1.69,7.0,clear sky,87.0
1090,farsund,58.0948,279.26,7.08,100.0,moderate rain,89.0
1091,gerash,27.6652,294.15,2.06,75.0,broken clouds,43.0
1092,duayaw nkwanta,7.1724,295.25,1.62,100.0,light rain,97.0
1093,bonfim,3.0833,297.0,1.37,59.0,broken clouds,89.0
1094,yokadouma,3.5167,293.58,1.08,100.0,light rain,98.0
1095,santa marinella,42.0345,281.48,1.54,0.0,clear sky,93.0
1096,mayumba,-3.432,298.27,2.04,100.0,overcast clouds,89.0
1097,bassano,50.7834,287.15,1.03,100.0,overcast clouds,33.0
1098,labuhan,-6.8844,301.8,4.58,100.0,overcast clouds,74.0
1099,rocha,-34.4833,293.26,4.47,100.0,moderate rain,93.0
1100,iquique,-20.2208,291.15,2.57,0.0,clear sky,72.0
1101,bili oslavy,48.4872,276.61,1.37,97.0,overcast clouds,94.0
1102,trofors,65.5333,277.15,3.6,90.0,overcast clouds,52.0
1103,chontalpa,17.7,304.39,10.17,100.0,overcast clouds,43.0
1104,tazovskiy,67.4667,265.64,3.53,17.0,few clouds,94.0
1105,dese,11.1333,283.68,0.56,93.0,overcast clouds,75.0
1106,barentu,15.1139,297.54,0.83,100.0,overcast clouds,48.0
1107,raduzhnyy,62.0961,275.7,3.86,6.0,clear sky,56.0
1108,wattegama,6.7989,297.15,1.03,20.0,few clouds,100.0
1109,dingle,10.9995,303.4,6.39,100.0,overcast clouds,63.0
1110,keti bandar,24.1447,301.05,6.34,100.0,overcast clouds,74.0
1111,lucapa,-8.4192,291.28,1.51,100.0,overcast clouds,96.0
1112,oistins,13.0667,299.15,9.77,40.0,scattered clouds,65.0
1113,campiglia marittima,43.0602,284.26,2.31,41.0,scattered clouds,64.0
1114,nelson bay,-32.7167,294.26,4.63,75.0,broken clouds,77.0
1115,manitouwadge,49.1215,285.15,1.54,100.0,overcast clouds,40.0
1116,jinxiang,27.4327,295.02,4.58,64.0,broken clouds,84.0
1117,nizhniy odes,63.6445,273.37,1.74,100.0,overcast clouds,44.0
1118,ust-nera,64.5667,277.33,2.06,95.0,overcast clouds,72.0
1119,kanker,20.2719,298.89,1.62,98.0,overcast clouds,52.0
1120,mamallapuram,12.6264,302.04,2.45,40.0,mist,89.0
1121,gaborone,-24.6545,282.15,1.54,0.0,clear sky,93.0
1122,sainte-maxime,43.3,283.15,1.05,48.0,scattered clouds,87.0
1123,adre,13.4667,299.8,4.77,13.0,few clouds,12.0
1124,colac,-38.3333,283.15,0.45,99.0,overcast clouds,96.0
1125,mporokoso,-9.3727,289.35,4.62,100.0,overcast clouds,84.0
1126,presidencia roque saenz pena,-26.7852,299.82,0.89,2.0,clear sky,82.0
1127,catamarca,-28.4696,293.71,1.48,34.0,scattered clouds,78.0
1128,de aar,-30.6497,285.49,1.54,2.0,clear sky,50.0
1129,west wendover,40.7391,292.15,4.12,1.0,clear sky,16.0
1130,nsanje,-16.92,289.12,1.39,71.0,broken clouds,96.0
1131,sao domingos,-13.3983,293.61,2.28,0.0,clear sky,62.0
1132,chumikan,54.7183,274.6,5.22,69.0,broken clouds,68.0
1133,mora,11.0461,305.12,2.09,99.0,overcast clouds,17.0
1134,romny,50.751,277.28,6.63,7.0,clear sky,71.0
1135,da nang,16.0678,303.15,1.54,20.0,few clouds,70.0
1136,chicla,-11.705,279.47,0.92,100.0,overcast clouds,90.0
1137,la romana,18.4273,298.15,4.12,20.0,few clouds,88.0
1138,temba,-25.3803,285.93,1.95,0.0,clear sky,93.0
1139,kuna,43.4918,292.59,4.12,1.0,clear sky,20.0
1140,janakpur,26.7183,299.75,5.41,100.0,overcast clouds,59.0
1141,chekmagush,55.1319,285.78,5.54,13.0,few clouds,74.0
1142,griffith,41.5284,292.15,3.09,40.0,light rain,94.0
1143,kosh-agach,50.0,274.31,0.52,100.0,overcast clouds,47.0
1144,teguldet,57.3064,276.64,5.02,100.0,overcast clouds,90.0
1145,anori,-3.7728,295.92,0.21,81.0,light rain,98.0
1146,junin,-34.5838,287.04,5.37,100.0,overcast clouds,45.0
1147,wajima,37.4,291.15,7.2,0.0,clear sky,45.0
1148,formosa do rio preto,-11.0483,296.23,1.17,79.0,broken clouds,59.0
1149,nalut,30.3333,296.8,6.35,100.0,overcast clouds,34.0
1150,churapcha,62.0025,279.99,2.0,100.0,overcast clouds,84.0
1151,boa vista,2.8197,298.15,2.06,40.0,light rain,83.0
1152,aswan,24.0934,301.57,3.15,0.0,clear sky,16.0
1153,snasa,64.2457,274.18,2.86,100.0,light snow,87.0
1154,kamenskiy,50.8855,288.21,6.95,100.0,overcast clouds,40.0
1155,sinjar,36.3209,294.66,1.12,38.0,scattered clouds,31.0
1156,inta,66.0317,271.69,7.02,20.0,few clouds,77.0
1157,kindu,-2.95,294.13,1.8,100.0,moderate rain,99.0
1158,north bend,43.4065,290.37,4.63,1.0,clear sky,82.0
1159,carolina,18.3808,300.15,6.17,40.0,scattered clouds,74.0
1160,lagoa,39.05,289.21,2.45,11.0,few clouds,83.0
1161,niono,14.2526,304.96,0.22,82.0,broken clouds,24.0
1162,itamaraju,-17.0392,293.09,1.61,75.0,broken clouds,95.0
1163,gunjur,13.2019,293.15,5.66,0.0,clear sky,88.0
1164,adelaide,-34.9333,291.48,5.14,20.0,few clouds,41.0
1165,yumen,40.2833,282.11,6.34,100.0,overcast clouds,19.0
1166,akyab,20.15,300.86,2.24,6.0,clear sky,77.0
1167,pandhana,21.7,303.0,2.11,9.0,clear sky,28.0
1168,filadelfia,39.9523,290.93,4.12,90.0,overcast clouds,94.0
1169,bitung,1.4451,303.15,1.54,20.0,few clouds,66.0
1170,general roca,-39.0333,283.15,2.57,0.0,clear sky,46.0
1171,rodrigues alves,-7.738,297.34,1.33,100.0,moderate rain,88.0
1172,tomatlan,19.9333,298.99,3.04,0.0,clear sky,44.0
1173,nogliki,51.8333,272.98,7.13,98.0,overcast clouds,89.0
1174,kuryk,43.2,290.43,1.89,3.0,clear sky,30.0
1175,tigzirt,36.8886,289.8,1.65,100.0,overcast clouds,96.0
1176,genhe,50.7833,276.72,1.57,100.0,overcast clouds,98.0
1177,kuytun,54.3419,280.99,2.52,93.0,overcast clouds,56.0
1178,san rafael del sur,11.8485,303.15,2.06,40.0,scattered clouds,62.0
1179,quthing,-30.4,282.33,0.32,0.0,clear sky,56.0
1180,russellville,35.2784,297.59,1.64,40.0,scattered clouds,83.0
1181,krasnoselkup,65.7,270.41,3.24,74.0,broken clouds,89.0
1182,yaan,7.3833,296.56,2.81,100.0,overcast clouds,90.0
1183,ayagoz,47.9714,285.92,1.17,0.0,clear sky,29.0
1184,rincon,32.296,299.15,4.63,90.0,overcast clouds,73.0
1185,artyom,40.4723,289.15,4.12,0.0,clear sky,72.0
1186,qandala,11.472,302.31,0.63,100.0,overcast clouds,71.0
1187,kumba,4.6363,295.12,0.94,100.0,overcast clouds,97.0
1188,staryy nadym,65.6118,271.43,6.83,32.0,scattered clouds,83.0
1189,aqtobe,50.2797,281.15,1.0,0.0,clear sky,76.0
1190,acajutla,13.5928,295.37,1.34,88.0,overcast clouds,96.0
1191,ampanihy,-24.7,288.25,2.46,0.0,clear sky,79.0
1192,medicine hat,50.0501,285.37,7.72,90.0,overcast clouds,62.0
1193,sudak,44.85,286.98,5.42,100.0,overcast clouds,78.0
1194,kaohsiung,22.6163,303.15,1.54,40.0,scattered clouds,58.0
1195,zhuhai,22.2769,300.15,2.57,40.0,scattered clouds,94.0
1196,luocheng,29.3848,289.52,2.91,100.0,moderate rain,87.0
1197,svoge,42.9667,283.71,2.57,20.0,few clouds,71.0
1198,lourinha,39.2333,285.93,1.34,3.0,clear sky,85.0
1199,pirenopolis,-15.8525,290.15,3.09,0.0,clear sky,77.0
1200,beyneu,45.3167,290.23,3.15,100.0,overcast clouds,17.0
1201,posse,-14.0931,292.2,2.41,0.0,clear sky,57.0
1202,kango,0.1943,296.29,0.97,100.0,light rain,95.0
1203,micheweni,-4.9667,298.64,7.87,98.0,light rain,86.0
1204,budogoshch,59.2816,275.72,1.33,100.0,light rain,99.0
1205,luanda,-8.8368,297.15,1.54,75.0,broken clouds,94.0
1206,kudahuvadhoo,2.6708,302.08,2.74,100.0,overcast clouds,72.0
1207,mount pleasant,32.7941,297.15,7.72,100.0,overcast clouds,83.0
1208,gotsu,35.0,292.15,3.6,0.0,clear sky,48.0
1209,oyama,36.3,295.93,4.12,20.0,few clouds,32.0
1210,port said,31.2565,297.15,3.6,0.0,clear sky,53.0
1211,asheboro,35.7079,293.15,5.49,91.0,overcast clouds,92.0
1212,namtsy,62.7161,283.15,2.0,0.0,clear sky,57.0
1213,langsa,4.4683,299.72,0.71,100.0,overcast clouds,84.0
1214,lethem,3.3803,297.07,1.18,97.0,overcast clouds,90.0
1215,warri,5.5167,296.64,3.66,100.0,light rain,94.0
1216,reidsville,36.3549,293.71,1.54,40.0,scattered clouds,77.0
1217,nouakchott,18.0858,293.15,7.2,0.0,clear sky,83.0
1218,mahon,39.8885,286.15,1.03,0.0,clear sky,71.0
1219,changuinola,9.4333,298.86,1.06,100.0,overcast clouds,83.0
1220,sungairaya,0.7,301.92,1.07,100.0,overcast clouds,71.0
1221,ashqelon,31.6693,293.15,1.03,0.0,clear sky,42.0
1222,zhanaozen,43.3,290.91,2.53,100.0,overcast clouds,19.0
1223,kita,13.0349,302.34,1.26,57.0,broken clouds,47.0
1224,upata,8.0086,298.71,1.79,100.0,overcast clouds,93.0
1225,kavarna,43.4333,287.15,1.54,0.0,clear sky,54.0
1226,singleton,-32.5667,293.15,1.18,100.0,light rain,57.0
1227,arzgir,45.3728,286.2,3.59,60.0,broken clouds,54.0
1228,benghazi,32.1167,295.52,7.79,100.0,overcast clouds,62.0
1229,roswell,34.0232,294.15,1.54,1.0,clear sky,94.0
1230,mujiayingzi,42.1167,284.89,7.57,0.0,clear sky,17.0
1231,manokwari,-0.8667,301.59,1.87,56.0,broken clouds,70.0
1232,nogales,31.3086,298.71,6.69,20.0,few clouds,16.0
1233,hartford,41.7668,287.04,1.77,100.0,overcast clouds,89.0
1234,novyy nekouz,57.9029,277.4,4.35,100.0,overcast clouds,82.0
1235,weihe,32.9952,286.14,4.51,100.0,overcast clouds,38.0
1236,salinas,36.6777,294.15,4.12,1.0,clear sky,40.0
1237,acaponeta,22.4964,299.79,2.64,3.0,clear sky,40.0
1238,yerbogachen,61.2767,277.67,3.25,89.0,overcast clouds,74.0
1239,mnogovershinnyy,53.9353,276.1,2.88,0.0,clear sky,36.0
1240,ambo,-10.1308,289.83,1.69,100.0,overcast clouds,87.0
1241,numan,9.4667,301.07,4.85,100.0,overcast clouds,61.0
1242,port macquarie,-31.4333,295.37,2.56,100.0,overcast clouds,70.0
1243,preston,53.7667,280.93,4.02,100.0,overcast clouds,86.0
1244,kiama,-34.6833,290.93,0.45,100.0,light rain,82.0
1245,sapucaia,-29.8333,296.15,2.57,0.0,clear sky,88.0
1246,barranca,-10.75,292.57,3.7,100.0,overcast clouds,79.0
1247,libreville,0.3925,296.15,1.03,20.0,few clouds,100.0
1248,hellin,38.5106,286.48,2.06,75.0,broken clouds,93.0
1249,itaituba,-4.2761,296.36,0.53,100.0,overcast clouds,97.0
1250,le creusot,46.8071,280.37,3.09,0.0,clear sky,76.0
1251,pavilosta,56.8879,278.15,4.63,90.0,mist,93.0
1252,san carlos de bariloche,-41.1456,278.15,1.54,0.0,clear sky,69.0
1253,kathmandu,27.7167,290.15,1.03,75.0,mist,94.0
1254,perivolion,39.4206,288.15,4.84,20.0,few clouds,82.0
1255,axim,4.8699,300.0,3.56,100.0,overcast clouds,82.0
1256,tigil,57.8,279.42,6.92,5.0,clear sky,50.0
1257,belz,47.6751,285.93,4.02,100.0,overcast clouds,88.0
1258,tarquinia,42.2482,282.04,3.13,70.0,broken clouds,89.0
1259,brenham,30.1669,300.15,4.12,1.0,clear sky,78.0
1260,dalvik,65.9702,273.15,2.06,90.0,overcast clouds,69.0
1261,alindao,5.0267,293.96,1.55,53.0,light rain,94.0
1262,biloela,-24.4167,300.0,1.47,13.0,few clouds,35.0
1263,hedaru,-4.5,293.43,3.29,99.0,overcast clouds,95.0
1264,hakkari,37.5833,281.5,1.41,3.0,clear sky,76.0
1265,leo,11.1,299.69,5.42,100.0,overcast clouds,66.0
1266,jodhpur,26.2867,300.19,3.24,12.0,few clouds,34.0
1267,kretinga,55.8758,278.15,1.54,90.0,overcast clouds,93.0
1268,cervo,43.6702,280.93,3.09,98.0,overcast clouds,86.0
1269,portobelo,9.55,299.26,0.89,98.0,overcast clouds,77.0
1270,rosarito,32.3333,294.15,3.6,1.0,clear sky,77.0
1271,sundumbili,-29.1337,288.15,0.51,0.0,clear sky,88.0
1272,nioro,13.35,298.59,4.32,35.0,scattered clouds,35.0
1273,stafford,52.8052,280.93,3.58,83.0,broken clouds,45.0
1274,sioux lookout,50.1001,277.15,2.57,90.0,overcast clouds,93.0
1275,sept-iles,50.2001,279.26,3.09,75.0,broken clouds,49.0
1276,kurchum,48.5722,284.87,1.64,0.0,clear sky,28.0
1277,afogados da ingazeira,-7.7508,294.66,2.62,42.0,scattered clouds,81.0
1278,carroll,39.5501,293.15,0.45,100.0,very heavy rain,100.0
1279,polaniec,50.4332,276.48,2.57,0.0,clear sky,93.0
1280,brus,43.3836,285.15,0.51,75.0,broken clouds,81.0
1281,pangoa,-12.1167,294.51,0.93,96.0,overcast clouds,90.0
1282,hukuntsi,-24.0,286.34,4.39,0.0,clear sky,45.0
1283,seydi,39.4816,296.55,4.82,100.0,overcast clouds,18.0
1284,ust-kuyga,70.0167,273.71,1.5,100.0,overcast clouds,97.0
1285,guider,9.9342,303.51,3.17,100.0,overcast clouds,39.0
1286,arona,28.0996,292.59,4.63,75.0,broken clouds,52.0
1287,dakar,14.6937,293.15,5.14,40.0,scattered clouds,94.0
1288,kalisz,51.7611,276.48,0.89,31.0,scattered clouds,81.0
1289,rumford,44.5537,282.04,0.86,100.0,overcast clouds,64.0
1290,rio gallegos,-51.6226,274.15,5.14,0.0,clear sky,75.0
1291,palampur,32.1167,293.16,2.44,98.0,overcast clouds,50.0
1292,natitingou,10.3042,297.15,2.06,20.0,few clouds,83.0
1293,maues,-3.3836,295.92,0.5,83.0,broken clouds,97.0
1294,karasjok,69.4719,264.15,1.03,13.0,few clouds,92.0
1295,boyolangu,-8.1181,300.51,2.48,27.0,scattered clouds,77.0
1296,muzambinho,-21.3758,285.71,1.44,0.0,clear sky,78.0
1297,aquiraz,-3.9014,298.71,1.03,40.0,scattered clouds,88.0
1298,road town,18.4167,299.15,4.63,40.0,scattered clouds,83.0
1299,tahlequah,35.9154,295.15,2.57,40.0,scattered clouds,78.0
1300,itacurubi del rosario,-24.5,300.22,3.38,21.0,few clouds,44.0
1301,bafra,41.5678,287.15,0.51,0.0,clear sky,88.0
1302,ranong,9.9658,302.15,1.54,20.0,few clouds,89.0
1303,zhaozhou,45.6833,287.31,8.46,100.0,overcast clouds,32.0
1304,whithorn,18.2604,299.26,3.6,20.0,few clouds,83.0
1305,lazarev,52.225,272.63,6.68,8.0,clear sky,83.0
1306,bintulu,3.1667,301.15,2.06,20.0,few clouds,83.0
1307,uddevalla,58.3478,274.15,2.57,100.0,overcast clouds,93.0
1308,gewane,10.1664,295.72,1.25,69.0,broken clouds,72.0
1309,hokitika,-42.7167,285.03,1.83,100.0,overcast clouds,83.0
1310,togur,58.3631,276.75,3.79,97.0,overcast clouds,75.0
1311,maple creek,49.9168,286.15,1.54,75.0,broken clouds,30.0
1312,macklin,52.3334,285.15,3.6,4.0,clear sky,28.0
1313,salto,-31.3833,296.48,1.34,100.0,heavy intensity rain,98.0
1314,castanos,26.7833,308.15,2.56,4.0,clear sky,10.0
1315,dwarka,22.2394,301.37,6.02,91.0,overcast clouds,69.0
1316,xining,36.6167,276.97,1.86,89.0,overcast clouds,52.0
1317,aljezur,37.3191,286.04,3.04,5.0,clear sky,78.0
1318,kenora,49.8167,277.04,3.6,90.0,overcast clouds,93.0
1319,gushi,34.6425,293.49,3.32,39.0,scattered clouds,30.0
1320,sotouboua,8.5667,299.15,1.03,0.0,light rain,69.0
1321,racale,39.9631,286.15,2.06,0.0,clear sky,94.0
1322,omsukchan,62.5333,270.16,2.24,18.0,few clouds,72.0
1323,yining,29.0361,292.0,1.46,100.0,overcast clouds,93.0
1324,brownsville,25.9018,301.15,7.2,1.0,clear sky,78.0
1325,capelinha,-17.6914,287.03,1.57,5.0,clear sky,94.0
1326,san andres,12.5847,300.15,2.57,40.0,scattered clouds,83.0
